Date,Zone_ID,Bird_Age_Days,Total_Alive_Birds,Max_Temperature_C,Avg_Humidity_Percent,Avg_Water_Intake_ml,Avg_Feed_Intake_g,Panting_Percent,Huddling_Percent,Wing_Spreading_Percent,Droppings_Abnormality_Score,Daily_Mortality_Count,Daily_Mortality_Rate_Pct,Health_Status
2023-01-01,Zone_A,16,9910,29.0,68.9,175.7,91.5,6.6,4.1,11.3,2.1,4,0.04,Healthy
2023-01-01,Zone_B,5,9976,29.0,68.9,65.0,39.1,4.3,6.0,0.0,0.1,3,0.03,Healthy
2023-01-01,Zone_C,37,9784,29.0,68.9,334.9,166.8,0.0,0.0,10.9,1.3,5,0.051,Healthy
2023-01-01,Zone_D,33,9808,29.0,68.9,281.5,144.9,10.1,0.4,6.5,1.0,4,0.041,Healthy
2023-01-02,Zone_A,17,9906,27.1,84.8,150.8,91.4,11.5,0.1,5.8,0.0,2,0.02,Healthy
2023-01-02,Zone_B,6,9973,27.1,84.8,80.1,42.7,5.0,4.5,3.8,0.3,3,0.03,Healthy
2023-01-02,Zone_C,38,9779,27.1,84.8,363.1,179.1,6.7,0.0,6.3,1.2,3,0.031,Healthy
2023-01-02,Zone_D,34,9804,27.1,84.8,327.3,176.2,12.6,1.6,3.8,1.8,6,0.061,Healthy
2023-01-03,Zone_A,18,9904,27.6,68.5,156.3,87.5,13.0,10.4,4.7,2.3,5,0.05,Healthy
2023-01-03,Zone_B,7,9970,27.6,68.5,86.1,44.1,20.3,4.9,11.3,0.0,6,0.06,Healthy
2023-01-03,Zone_C,39,9776,27.6,68.5,334.7,191.8,5.8,0.0,4.1,1.8,7,0.072,Healthy
2023-01-03,Zone_D,35,9798,27.6,68.5,290.4,165.3,0.0,8.7,6.3,1.1,5,0.051,Healthy
2023-01-04,Zone_A,19,9899,29.1,77.7,176.2,94.9,5.3,0.0,6.2,1.7,4,0.04,Healthy
2023-01-04,Zone_B,8,9964,29.1,77.7,81.4,50.0,5.0,3.6,1.8,1.4,5,0.05,Healthy
2023-01-04,Zone_C,40,9769,29.1,77.7,314.6,213.0,21.2,37.8,0.0,3.4,18,0.184,At_Risk
2023-01-04,Zone_D,36,9793,29.1,77.7,313.7,211.9,12.3,4.9,0.3,2.4,6,0.061,Healthy
2023-01-05,Zone_A,20,9895,30.8,62.7,167.8,116.8,20.1,13.8,1.0,1.0,5,0.051,Healthy
2023-01-05,Zone_B,9,9959,30.8,62.7,87.5,53.3,14.9,0.8,6.9,0.8,8,0.08,Healthy
2023-01-05,Zone_C,41,9751,30.8,62.7,408.7,128.4,39.0,11.8,28.0,8.7,24,0.246,At_Risk
2023-01-05,Zone_D,37,9787,30.8,62.7,333.5,184.2,22.1,0.1,0.0,1.9,5,0.051,Healthy
2023-01-06,Zone_A,21,9890,29.9,72.8,200.8,103.5,14.7,2.1,12.5,1.9,2,0.02,Healthy
2023-01-06,Zone_B,10,9951,29.9,72.8,99.6,63.2,19.7,9.6,1.7,2.3,5,0.05,Healthy
2023-01-06,Zone_C,42,9727,29.9,72.8,376.2,165.3,17.8,4.0,3.1,4.5,25,0.257,At_Risk
2023-01-06,Zone_D,38,9782,29.9,72.8,342.2,191.1,20.1,5.1,10.8,1.3,10,0.102,Healthy
2023-01-07,Zone_A,22,9888,30.9,63.1,213.1,104.2,12.6,7.9,6.9,1.4,3,0.03,Healthy
2023-01-07,Zone_B,11,9946,30.9,63.1,112.0,56.7,23.4,5.9,0.0,1.6,5,0.05,Healthy
2023-01-07,Zone_C,43,9702,30.9,63.1,385.7,138.0,24.1,18.2,12.7,6.0,55,0.567,At_Risk
2023-01-07,Zone_D,39,9772,30.9,63.1,305.1,206.6,5.5,7.1,7.1,1.9,12,0.123,Healthy
2023-01-08,Zone_A,23,9885,31.1,79.1,224.4,127.5,12.1,8.0,1.9,1.3,3,0.03,Healthy
2023-01-08,Zone_B,12,9941,31.1,79.1,147.2,69.5,0.0,7.7,0.0,1.1,7,0.07,Healthy
2023-01-08,Zone_C,44,9647,31.1,79.1,250.3,179.4,10.1,27.6,4.4,4.5,43,0.446,At_Risk
2023-01-08,Zone_D,40,9760,31.1,79.1,411.2,184.8,21.6,0.0,5.7,1.0,6,0.061,Healthy
2023-01-09,Zone_A,24,9882,28.6,69.1,236.7,128.0,0.0,3.7,3.1,1.0,8,0.081,Healthy
2023-01-09,Zone_B,13,9934,28.6,69.1,119.0,75.9,16.9,13.5,9.1,0.3,3,0.03,Healthy
2023-01-09,Zone_C,45,9604,28.6,69.1,369.3,239.5,12.1,8.1,1.3,1.5,0,0.0,Healthy
2023-01-09,Zone_D,41,9754,28.6,69.1,351.8,183.2,0.0,11.5,0.0,1.1,5,0.051,Healthy
2023-01-10,Zone_A,25,9874,33.2,58.5,229.7,139.4,11.9,6.8,5.8,1.0,5,0.051,Healthy
2023-01-10,Zone_B,14,9931,33.2,58.5,141.7,75.6,28.3,11.3,0.0,3.2,1,0.01,Healthy
2023-01-10,Zone_C,46,9604,33.2,58.5,418.4,219.3,24.5,2.5,4.2,1.1,3,0.031,Healthy
2023-01-10,Zone_D,42,9749,33.2,58.5,377.7,217.9,14.8,8.6,6.2,2.2,6,0.062,Healthy
2023-01-11,Zone_A,26,9869,28.9,65.5,249.2,139.9,8.4,5.5,10.1,1.0,6,0.061,Healthy
2023-01-11,Zone_B,15,9930,28.9,65.5,145.9,81.2,19.6,8.3,8.3,2.5,5,0.05,Healthy
2023-01-11,Zone_C,47,9601,28.9,65.5,397.6,238.9,11.8,4.5,5.4,2.0,3,0.031,Healthy
2023-01-11,Zone_D,43,9743,28.9,65.5,345.1,243.4,0.0,9.6,8.2,2.0,6,0.062,Healthy
2023-01-12,Zone_A,27,9863,30.6,62.8,232.4,137.3,23.7,4.4,1.7,1.2,5,0.051,Healthy
2023-01-12,Zone_B,16,9925,30.6,62.8,146.3,83.1,16.4,6.0,3.0,1.1,5,0.05,Healthy
2023-01-12,Zone_C,48,9598,30.6,62.8,369.0,204.2,6.8,4.1,6.2,2.7,6,0.063,Healthy
2023-01-12,Zone_D,44,9737,30.6,62.8,382.8,210.3,3.9,4.9,3.8,1.8,3,0.031,Healthy
2023-01-13,Zone_A,28,9858,31.8,82.3,262.0,139.8,24.4,3.4,5.9,1.5,5,0.051,Healthy
2023-01-13,Zone_B,17,9920,31.8,82.3,165.0,85.8,22.5,10.8,8.8,3.2,3,0.03,Healthy
2023-01-13,Zone_C,49,9592,31.8,82.3,430.1,251.9,39.4,1.8,1.6,1.0,0,0.0,Healthy
2023-01-13,Zone_D,45,9734,31.8,82.3,367.7,208.4,19.0,6.4,12.5,2.3,3,0.031,Healthy
2023-01-14,Zone_A,29,9853,29.1,73.9,300.3,130.1,21.1,3.1,0.0,2.6,4,0.041,Healthy
2023-01-14,Zone_B,18,9917,29.1,73.9,150.8,105.5,3.3,5.0,5.2,1.1,6,0.061,Healthy
2023-01-14,Zone_C,50,9592,29.1,73.9,427.1,219.5,10.5,7.1,7.8,0.6,1,0.01,Healthy
2023-01-14,Zone_D,46,9731,29.1,73.9,410.2,244.7,1.8,11.2,5.5,2.4,5,0.051,Healthy
2023-01-15,Zone_A,30,9849,35.1,84.0,344.6,128.1,42.1,48.0,12.4,7.1,33,0.335,At_Risk
2023-01-15,Zone_B,19,9911,35.1,84.0,163.8,86.4,6.8,3.9,7.9,2.7,5,0.05,Healthy
2023-01-15,Zone_C,51,9591,35.1,84.0,316.8,238.3,25.8,35.6,15.4,5.4,0,0.0,At_Risk
2023-01-15,Zone_D,47,9726,35.1,84.0,365.2,224.9,33.9,6.5,1.2,1.1,2,0.021,Healthy
2023-01-16,Zone_A,31,9816,30.9,77.6,289.3,142.3,9.3,1.8,4.6,0.7,3,0.031,Healthy
2023-01-16,Zone_B,20,9906,30.9,77.6,218.7,94.9,15.0,2.2,5.9,1.4,4,0.04,Healthy
2023-01-16,Zone_C,52,9591,30.9,77.6,398.9,217.8,26.9,19.3,21.7,1.0,0,0.0,At_Risk
2023-01-16,Zone_D,48,9724,30.9,77.6,470.5,256.3,12.1,7.3,6.2,4.0,7,0.072,Healthy
2023-01-17,Zone_A,32,9813,30.7,62.4,328.1,99.0,14.0,0.0,20.5,5.6,34,0.346,At_Risk
2023-01-17,Zone_B,21,9902,30.7,62.4,197.0,117.2,29.0,5.3,1.6,2.7,6,0.061,Healthy
2023-01-17,Zone_C,53,9591,30.7,62.4,449.4,232.5,5.5,0.0,8.7,3.0,1,0.01,Healthy
2023-01-17,Zone_D,49,9717,30.7,62.4,401.8,246.1,9.4,2.6,1.5,1.5,3,0.031,Healthy
2023-01-18,Zone_A,33,9779,31.5,69.6,235.9,98.5,23.9,27.0,31.8,3.2,22,0.225,At_Risk
2023-01-18,Zone_B,22,9896,31.5,69.6,177.8,120.9,22.0,2.3,7.3,0.9,1,0.01,Healthy
2023-01-18,Zone_C,54,9590,31.5,69.6,466.2,224.4,19.1,1.4,7.6,0.2,4,0.042,Healthy
2023-01-18,Zone_D,50,9714,31.5,69.6,409.5,216.7,17.0,1.6,3.5,2.3,3,0.031,Healthy
2023-01-19,Zone_A,34,9757,32.6,61.0,375.3,164.3,0.0,16.0,13.8,3.7,28,0.287,At_Risk
2023-01-19,Zone_B,23,9895,32.6,61.0,214.8,112.8,18.2,9.7,6.0,1.8,4,0.04,Healthy
2023-01-19,Zone_C,55,9586,32.6,61.0,456.1,252.3,23.7,3.3,6.2,3.2,6,0.063,Healthy
2023-01-19,Zone_D,51,9711,32.6,61.0,482.4,238.1,15.7,0.0,1.0,0.0,4,0.041,Healthy
2023-01-20,Zone_A,35,9729,30.9,83.4,242.7,144.6,50.2,9.3,9.1,5.7,20,0.206,At_Risk
2023-01-20,Zone_B,24,9891,30.9,83.4,227.4,134.3,10.5,7.5,14.1,1.6,5,0.051,Healthy
2023-01-20,Zone_C,56,9580,30.9,83.4,412.4,216.7,41.5,23.3,25.9,3.0,22,0.23,At_Risk
2023-01-20,Zone_D,52,9707,30.9,83.4,485.4,255.6,9.5,3.9,1.1,1.1,5,0.052,Healthy
2023-01-21,Zone_A,36,9709,32.2,62.6,403.9,154.1,43.4,62.0,0.0,2.5,7,0.072,At_Risk
2023-01-21,Zone_B,25,9886,32.2,62.6,241.5,142.8,18.2,6.1,0.5,3.5,5,0.051,Healthy
2023-01-21,Zone_C,57,9558,32.2,62.6,504.9,182.8,39.4,21.0,3.3,8.6,46,0.481,At_Risk
2023-01-21,Zone_D,53,9702,32.2,62.6,514.5,280.8,13.6,1.0,4.5,1.5,7,0.072,Healthy
2023-01-22,Zone_A,37,9702,27.2,82.2,371.0,107.4,10.2,19.2,36.4,7.4,6,0.062,At_Risk
2023-01-22,Zone_B,26,9881,27.2,82.2,231.2,118.3,20.3,4.0,0.0,1.3,4,0.04,Healthy
2023-01-22,Zone_C,58,9512,27.2,82.2,494.6,216.5,1.3,7.8,12.4,2.4,4,0.042,Healthy
2023-01-22,Zone_D,54,9695,27.2,82.2,560.0,235.2,4.2,5.1,4.9,1.7,4,0.041,Healthy
2023-01-23,Zone_A,38,9696,29.3,65.6,372.0,131.8,9.4,34.8,13.8,8.1,17,0.175,At_Risk
2023-01-23,Zone_B,27,9877,29.3,65.6,270.2,148.4,0.0,3.6,3.5,0.4,3,0.03,Healthy
2023-01-23,Zone_C,59,9508,29.3,65.6,575.7,255.6,19.2,10.1,7.9,0.6,3,0.032,Healthy
2023-01-23,Zone_D,55,9691,29.3,65.6,426.3,272.8,17.0,4.0,3.5,2.1,5,0.052,Healthy
2023-01-24,Zone_A,39,9679,29.5,79.3,359.8,174.0,16.5,3.8,6.3,0.5,6,0.062,Healthy
2023-01-24,Zone_B,28,9874,29.5,79.3,243.2,138.9,21.0,2.2,0.0,0.3,6,0.061,Healthy
2023-01-24,Zone_C,60,9505,29.5,79.3,585.0,255.8,0.0,11.8,5.8,1.4,3,0.032,Healthy
2023-01-24,Zone_D,56,9686,29.5,79.3,479.2,275.5,21.6,5.5,5.6,1.2,4,0.041,Healthy
2023-01-25,Zone_A,40,9673,30.6,56.3,371.9,174.0,15.6,4.3,5.1,1.8,3,0.031,Healthy
2023-01-25,Zone_B,29,9868,30.6,56.3,266.0,136.4,4.1,6.6,0.0,2.3,5,0.051,Healthy
2023-01-25,Zone_C,61,9502,30.6,56.3,562.1,295.4,30.6,9.1,0.0,0.5,3,0.032,Healthy
2023-01-25,Zone_D,57,9682,30.6,56.3,508.9,272.1,6.7,5.7,2.0,1.0,2,0.021,Healthy
2023-01-26,Zone_A,41,9670,27.9,59.2,389.4,183.9,0.0,15.5,7.0,1.6,3,0.031,Healthy
2023-01-26,Zone_B,30,9863,27.9,59.2,257.6,158.4,7.1,15.2,4.6,2.4,3,0.03,Healthy
2023-01-26,Zone_C,62,9499,27.9,59.2,604.2,293.2,0.0,12.2,7.8,1.1,6,0.063,Healthy
2023-01-26,Zone_D,58,9680,27.9,59.2,521.5,297.5,0.0,2.1,4.0,1.4,6,0.062,Healthy
2023-01-27,Zone_A,42,9667,29.9,59.3,385.1,210.2,17.3,9.3,8.3,1.9,4,0.041,Healthy
2023-01-27,Zone_B,31,9860,29.9,59.3,287.7,134.0,13.8,6.1,0.0,0.6,7,0.071,Healthy
2023-01-27,Zone_C,63,9493,29.9,59.3,566.6,297.6,12.0,5.1,8.8,1.1,4,0.042,Healthy
2023-01-27,Zone_D,59,9674,29.9,59.3,487.3,270.1,8.6,5.9,3.1,2.5,3,0.031,Healthy
2023-01-28,Zone_A,43,9663,28.9,66.5,381.2,232.6,19.0,0.0,6.1,2.2,4,0.041,Healthy
2023-01-28,Zone_B,32,9853,28.9,66.5,274.4,172.6,22.8,14.2,3.5,1.1,7,0.071,Healthy
2023-01-28,Zone_C,64,9489,28.9,66.5,522.6,341.3,4.5,3.9,0.0,0.8,2,0.021,Healthy
2023-01-28,Zone_D,60,9671,28.9,66.5,511.6,267.5,11.1,11.2,1.0,2.3,4,0.041,Healthy
2023-01-29,Zone_A,44,9659,28.9,75.4,395.1,193.9,10.4,7.0,6.2,3.5,3,0.031,Healthy
2023-01-29,Zone_B,33,9846,28.9,75.4,279.6,156.6,3.2,2.5,9.8,2.6,3,0.03,Healthy
2023-01-29,Zone_C,65,9487,28.9,75.4,574.4,287.0,3.2,7.5,5.8,0.3,7,0.074,Healthy
2023-01-29,Zone_D,61,9667,28.9,75.4,495.6,331.1,4.8,6.1,6.3,2.0,8,0.083,Healthy
2023-01-30,Zone_A,45,9656,28.4,63.6,368.6,193.5,6.8,12.2,2.9,1.7,4,0.041,Healthy
2023-01-30,Zone_B,34,9843,28.4,63.6,363.5,184.0,1.8,3.0,9.2,2.0,8,0.081,Healthy
2023-01-30,Zone_C,66,9480,28.4,63.6,545.5,326.6,13.0,9.4,8.3,1.9,6,0.063,Healthy
2023-01-30,Zone_D,62,9659,28.4,63.6,587.7,321.5,13.6,4.3,5.6,2.5,3,0.031,Healthy
2023-01-31,Zone_A,46,9652,29.2,66.9,440.5,222.5,11.4,5.2,0.0,2.1,6,0.062,Healthy
2023-01-31,Zone_B,35,9835,29.2,66.9,302.9,202.4,11.7,6.0,11.3,1.4,5,0.051,Healthy
2023-01-31,Zone_C,67,9474,29.2,66.9,578.2,331.9,5.0,5.8,9.3,0.7,5,0.053,Healthy
2023-01-31,Zone_D,63,9656,29.2,66.9,588.7,281.8,0.0,2.8,6.5,2.8,4,0.041,Healthy
2023-02-01,Zone_A,47,9646,27.0,85.0,336.0,200.3,7.4,3.0,0.9,2.1,5,0.052,Healthy
2023-02-01,Zone_B,36,9830,27.0,85.0,286.0,169.0,11.8,7.6,4.6,3.0,2,0.02,Healthy
2023-02-01,Zone_C,68,9469,27.0,85.0,545.8,281.8,2.6,6.0,4.0,1.8,2,0.021,Healthy
2023-02-01,Zone_D,64,9652,27.0,85.0,541.8,338.0,14.2,6.4,6.8,2.0,5,0.052,Healthy
2023-02-02,Zone_A,48,9641,29.1,80.6,439.4,234.6,8.4,10.8,2.3,2.9,4,0.041,Healthy
2023-02-02,Zone_B,37,9828,29.1,80.6,330.0,160.7,2.5,8.4,2.4,1.1,1,0.01,Healthy
2023-02-02,Zone_C,69,9467,29.1,80.6,472.3,313.7,0.0,8.0,8.1,1.8,2,0.021,Healthy
2023-02-02,Zone_D,65,9647,29.1,80.6,553.3,306.3,0.0,11.0,8.5,1.3,4,0.041,Healthy
2023-02-03,Zone_A,49,9637,27.9,53.7,400.8,230.8,0.0,3.9,12.2,2.0,3,0.031,Healthy
2023-02-03,Zone_B,38,9827,27.9,53.7,372.3,194.5,15.1,5.2,2.4,2.1,5,0.051,Healthy
2023-02-03,Zone_C,70,9465,27.9,53.7,624.2,353.6,16.3,2.9,10.3,1.7,8,0.085,Healthy
2023-02-03,Zone_D,66,9643,27.9,53.7,639.6,294.8,7.8,2.4,3.1,1.2,5,0.052,Healthy
2023-02-04,Zone_A,50,9634,28.3,65.4,506.0,239.5,24.1,6.7,5.2,1.6,6,0.062,Healthy
2023-02-04,Zone_B,39,9822,28.3,65.4,335.8,174.9,0.0,6.6,7.6,1.1,8,0.081,Healthy
2023-02-04,Zone_C,1,10000,28.3,65.4,31.0,17.6,9.1,9.2,11.7,1.1,7,0.07,Healthy
2023-02-04,Zone_D,67,9638,28.3,65.4,561.8,315.5,15.7,7.6,0.0,2.7,7,0.073,Healthy
2023-02-05,Zone_A,51,9628,25.7,73.2,449.3,254.2,0.0,2.3,4.9,2.4,5,0.052,Healthy
2023-02-05,Zone_B,40,9814,25.7,73.2,372.7,189.2,0.0,9.6,0.0,1.2,2,0.02,Healthy
2023-02-05,Zone_C,2,9993,25.7,73.2,47.2,21.5,0.0,6.4,4.8,1.9,5,0.05,Healthy
2023-02-05,Zone_D,68,9631,25.7,73.2,682.5,159.7,16.4,0.0,3.6,6.5,39,0.405,At_Risk
2023-02-06,Zone_A,52,9623,26.0,67.2,522.7,242.6,3.8,6.7,9.1,1.7,4,0.042,Healthy
2023-02-06,Zone_B,41,9812,26.0,67.2,357.0,196.4,0.0,7.9,5.2,2.1,4,0.041,Healthy
2023-02-06,Zone_C,3,9988,26.0,67.2,43.1,28.7,9.2,6.4,9.0,0.0,9,0.09,Healthy
2023-02-06,Zone_D,69,9592,26.0,67.2,584.9,250.4,0.0,44.5,15.6,2.2,46,0.48,At_Risk
2023-02-07,Zone_A,53,9619,26.0,71.7,474.4,271.1,1.6,6.5,14.6,1.5,5,0.052,Healthy
2023-02-07,Zone_B,42,9808,26.0,71.7,366.0,193.5,37.7,34.2,4.3,6.3,5,0.051,At_Risk
2023-02-07,Zone_C,4,9979,26.0,71.7,55.8,33.8,0.0,6.3,6.3,1.8,8,0.08,Healthy
2023-02-07,Zone_D,70,9546,26.0,71.7,582.4,342.0,9.7,9.8,0.1,2.0,6,0.063,Healthy
2023-02-08,Zone_A,54,9614,25.6,81.0,469.1,254.9,0.0,5.1,0.6,0.3,7,0.073,Healthy
2023-02-08,Zone_B,43,9803,25.6,81.0,234.7,135.0,0.0,11.6,14.2,10.0,50,0.51,At_Risk
2023-02-08,Zone_C,5,9971,25.6,81.0,79.7,35.4,9.8,3.7,0.0,3.3,2,0.02,Healthy
2023-02-08,Zone_D,1,10000,25.6,81.0,38.0,16.9,24.4,10.5,7.3,2.0,6,0.06,Healthy
2023-02-09,Zone_A,55,9607,27.5,72.2,470.1,264.7,0.0,3.9,0.0,1.4,2,0.021,Healthy
2023-02-09,Zone_B,44,9753,27.5,72.2,388.9,194.2,18.3,8.7,0.0,0.7,6,0.062,Healthy
2023-02-09,Zone_C,6,9969,27.5,72.2,74.2,38.7,9.9,1.1,5.4,0.4,3,0.03,Healthy
2023-02-09,Zone_D,2,9994,27.5,72.2,37.7,24.6,8.8,4.9,7.2,1.7,7,0.07,Healthy
2023-02-10,Zone_A,56,9605,26.0,66.6,501.5,269.6,0.5,5.2,2.2,1.0,1,0.01,Healthy
2023-02-10,Zone_B,45,9747,26.0,66.6,352.5,247.9,0.0,2.1,8.6,1.3,7,0.072,Healthy
2023-02-10,Zone_C,7,9966,26.0,66.6,85.6,44.0,0.0,13.6,0.2,1.7,6,0.06,Healthy
2023-02-10,Zone_D,3,9987,26.0,66.6,50.5,29.4,0.0,5.2,4.4,2.3,9,0.09,Healthy
2023-02-11,Zone_A,57,9604,24.4,59.0,589.6,269.6,0.0,11.6,11.7,1.1,5,0.052,Healthy
2023-02-11,Zone_B,46,9740,24.4,59.0,387.5,250.9,0.0,2.7,0.9,1.0,2,0.021,Healthy
2023-02-11,Zone_C,8,9960,24.4,59.0,86.1,51.1,2.3,0.0,6.3,2.2,0,0.0,Healthy
2023-02-11,Zone_D,4,9978,24.4,59.0,65.2,34.0,0.0,11.7,6.7,0.9,4,0.04,Healthy
2023-02-12,Zone_A,58,9599,26.5,70.6,510.4,215.4,25.1,19.0,24.2,2.5,31,0.323,At_Risk
2023-02-12,Zone_B,47,9738,26.5,70.6,443.3,248.9,7.6,0.6,3.7,2.5,5,0.051,Healthy
2023-02-12,Zone_C,9,9960,26.5,70.6,103.0,65.8,3.4,3.8,5.5,1.4,6,0.06,Healthy
2023-02-12,Zone_D,5,9974,26.5,70.6,63.3,40.4,0.0,0.0,7.0,0.6,0,0.0,Healthy
2023-02-13,Zone_A,59,9568,26.0,89.9,533.1,236.8,12.4,32.7,19.9,2.5,23,0.24,At_Risk
2023-02-13,Zone_B,48,9733,26.0,89.9,393.6,236.9,10.0,4.3,2.0,1.9,3,0.031,Healthy
2023-02-13,Zone_C,10,9954,26.0,89.9,107.9,60.1,10.9,6.9,4.9,2.2,7,0.07,Healthy
2023-02-13,Zone_D,6,9974,26.0,89.9,75.7,43.9,0.0,0.7,3.8,1.0,4,0.04,Healthy
2023-02-14,Zone_A,60,9545,25.3,74.2,533.0,283.4,0.6,0.0,1.2,1.4,2,0.021,Healthy
2023-02-14,Zone_B,49,9730,25.3,74.2,475.8,246.8,12.2,4.1,11.0,1.6,4,0.041,Healthy
2023-02-14,Zone_C,11,9947,25.3,74.2,113.3,61.3,0.0,5.7,5.6,1.5,5,0.05,Healthy
2023-02-14,Zone_D,7,9970,25.3,74.2,90.1,50.9,0.0,0.0,8.7,0.4,4,0.04,Healthy
2023-02-15,Zone_A,61,9543,22.7,55.6,552.7,302.0,0.0,0.0,2.8,1.8,1,0.01,Healthy
2023-02-15,Zone_B,50,9726,22.7,55.6,431.5,243.5,5.8,5.5,1.1,2.5,4,0.041,Healthy
2023-02-15,Zone_C,12,9942,22.7,55.6,114.9,68.8,0.0,1.5,4.3,2.9,2,0.02,Healthy
2023-02-15,Zone_D,8,9966,22.7,55.6,102.6,44.4,0.0,2.3,9.2,1.0,8,0.08,Healthy
2023-02-16,Zone_A,62,9542,26.4,66.1,503.6,344.7,8.5,6.2,10.2,2.7,4,0.042,Healthy
2023-02-16,Zone_B,51,9722,26.4,66.1,456.3,229.8,0.0,13.1,5.5,1.2,5,0.051,Healthy
2023-02-16,Zone_C,13,9940,26.4,66.1,122.0,65.6,13.1,2.4,0.8,1.9,7,0.07,Healthy
2023-02-16,Zone_D,9,9958,26.4,66.1,107.9,58.7,0.0,0.0,11.0,1.2,4,0.04,Healthy
2023-02-17,Zone_A,63,9538,27.7,74.4,630.4,309.4,0.0,8.7,5.2,1.7,7,0.073,Healthy
2023-02-17,Zone_B,52,9717,27.7,74.4,467.5,259.1,15.7,3.5,1.6,0.7,0,0.0,Healthy
2023-02-17,Zone_C,14,9933,27.7,74.4,128.0,90.8,2.8,3.9,6.2,2.2,6,0.06,Healthy
2023-02-17,Zone_D,10,9954,27.7,74.4,106.6,57.2,7.8,4.0,11.4,1.9,6,0.06,Healthy
2023-02-18,Zone_A,64,9531,26.3,79.4,488.8,307.4,5.0,2.4,2.9,2.0,7,0.073,Healthy
2023-02-18,Zone_B,53,9717,26.3,79.4,467.6,253.9,18.0,6.0,15.4,2.0,1,0.01,Healthy
2023-02-18,Zone_C,15,9927,26.3,79.4,153.0,87.5,13.9,7.7,4.4,0.5,4,0.04,Healthy
2023-02-18,Zone_D,11,9948,26.3,79.4,110.7,60.1,6.9,11.7,6.6,0.5,5,0.05,Healthy
2023-02-19,Zone_A,65,9524,27.4,65.1,554.2,304.2,0.0,7.6,4.5,1.8,2,0.021,Healthy
2023-02-19,Zone_B,54,9716,27.4,65.1,542.5,179.5,18.6,50.8,10.1,3.8,44,0.453,At_Risk
2023-02-19,Zone_C,16,9923,27.4,65.1,134.5,77.1,0.0,10.1,2.8,3.5,3,0.03,Healthy
2023-02-19,Zone_D,12,9943,27.4,65.1,139.5,70.0,24.4,13.2,9.8,2.3,6,0.06,Healthy
2023-02-20,Zone_A,66,9522,26.7,65.6,561.4,291.6,0.3,3.2,7.8,2.3,4,0.042,Healthy
2023-02-20,Zone_B,55,9672,26.7,65.6,322.9,239.3,12.3,13.5,0.0,3.5,26,0.269,At_Risk
2023-02-20,Zone_C,17,9920,26.7,65.6,173.0,102.6,0.0,12.4,9.9,2.0,4,0.04,Healthy
2023-02-20,Zone_D,13,9937,26.7,65.6,128.4,67.9,12.9,12.5,11.2,1.1,2,0.02,Healthy
2023-02-21,Zone_A,67,9518,25.5,55.9,563.0,324.7,0.0,0.0,7.1,1.1,2,0.021,Healthy
2023-02-21,Zone_B,56,9646,25.5,55.9,479.5,205.6,17.7,11.6,3.2,1.0,5,0.052,Healthy
2023-02-21,Zone_C,18,9916,25.5,55.9,177.0,88.3,7.7,9.9,4.6,1.3,3,0.03,Healthy
2023-02-21,Zone_D,14,9935,25.5,55.9,137.9,72.8,3.7,8.7,1.8,2.7,4,0.04,Healthy
2023-02-22,Zone_A,68,9516,25.3,64.0,618.7,258.7,7.4,3.9,5.3,1.9,1,0.011,Healthy
2023-02-22,Zone_B,57,9641,25.3,64.0,519.8,260.0,0.0,6.2,0.0,1.9,4,0.041,Healthy
2023-02-22,Zone_C,19,9913,25.3,64.0,197.8,87.5,0.0,1.8,5.8,2.4,2,0.02,Healthy
2023-02-22,Zone_D,15,9931,25.3,64.0,153.6,82.9,6.9,5.7,3.5,0.8,5,0.05,Healthy
2023-02-23,Zone_A,69,9515,23.4,46.6,628.3,336.9,0.0,1.0,7.5,3.1,4,0.042,Healthy
2023-02-23,Zone_B,58,9637,23.4,46.6,489.5,259.9,13.7,2.4,1.8,1.1,2,0.021,Healthy
2023-02-23,Zone_C,20,9911,23.4,46.6,213.6,106.0,3.2,4.0,3.8,0.2,6,0.061,Healthy
2023-02-23,Zone_D,16,9926,23.4,46.6,154.3,86.5,31.9,6.2,2.0,1.2,7,0.071,Healthy
2023-02-24,Zone_A,70,9511,25.9,58.5,562.2,354.3,18.7,9.3,3.2,2.5,4,0.042,Healthy
2023-02-24,Zone_B,59,9635,25.9,58.5,524.5,299.6,0.0,2.4,9.1,1.2,4,0.042,Healthy
2023-02-24,Zone_C,21,9905,25.9,58.5,203.8,101.1,20.6,0.7,5.1,2.6,4,0.04,Healthy
2023-02-24,Zone_D,17,9919,25.9,58.5,150.7,94.8,4.3,4.3,8.9,2.4,10,0.101,Healthy
2023-02-25,Zone_A,1,10000,27.0,72.6,34.1,19.8,6.5,3.8,5.7,2.6,2,0.02,Healthy
2023-02-25,Zone_B,60,9631,27.0,72.6,567.1,311.0,1.9,0.0,2.6,2.5,4,0.042,Healthy
2023-02-25,Zone_C,22,9901,27.0,72.6,196.9,104.9,11.5,7.2,4.0,1.2,4,0.04,Healthy
2023-02-25,Zone_D,18,9909,27.0,72.6,195.1,88.9,0.0,9.9,11.1,2.3,4,0.04,Healthy
2023-02-26,Zone_A,2,9998,26.9,69.8,44.3,22.3,0.0,9.8,3.1,1.7,5,0.05,Healthy
2023-02-26,Zone_B,61,9627,26.9,69.8,545.6,283.5,0.0,8.5,0.0,1.6,8,0.083,Healthy
2023-02-26,Zone_C,23,9897,26.9,69.8,201.7,109.0,7.9,5.7,6.4,1.9,6,0.061,Healthy
2023-02-26,Zone_D,19,9905,26.9,69.8,186.8,109.4,0.3,7.7,12.6,1.4,3,0.03,Healthy
2023-02-27,Zone_A,3,9993,28.6,69.0,54.8,23.5,2.3,4.6,6.3,1.7,6,0.06,Healthy
2023-02-27,Zone_B,62,9619,28.6,69.0,550.9,283.8,5.1,8.0,7.5,0.8,6,0.062,Healthy
2023-02-27,Zone_C,24,9891,28.6,69.0,235.7,117.7,11.4,12.4,4.1,1.2,4,0.04,Healthy
2023-02-27,Zone_D,20,9902,28.6,69.0,201.1,102.5,0.0,0.8,0.7,2.3,8,0.081,Healthy
2023-02-28,Zone_A,4,9987,26.4,68.6,64.9,33.2,0.0,6.0,8.9,1.9,5,0.05,Healthy
2023-02-28,Zone_B,63,9613,26.4,68.6,421.1,322.4,8.0,2.4,0.0,1.9,7,0.073,Healthy
2023-02-28,Zone_C,25,9887,26.4,68.6,247.0,126.1,17.3,10.3,11.6,2.1,5,0.051,Healthy
2023-02-28,Zone_D,21,9894,26.4,68.6,193.2,95.5,0.0,13.7,4.3,1.6,6,0.061,Healthy
2023-03-01,Zone_A,5,9982,27.0,83.6,68.6,35.6,0.0,0.0,2.6,1.5,4,0.04,Healthy
2023-03-01,Zone_B,64,9606,27.0,83.6,484.0,286.2,2.1,0.0,8.0,1.6,1,0.01,Healthy
2023-03-01,Zone_C,26,9882,27.0,83.6,223.3,128.7,6.1,10.4,0.0,1.6,4,0.04,Healthy
2023-03-01,Zone_D,22,9888,27.0,83.6,161.1,106.2,5.1,11.4,21.0,7.7,16,0.162,At_Risk
2023-03-02,Zone_A,6,9978,31.0,69.5,66.4,39.6,0.0,0.0,6.1,1.9,1,0.01,Healthy
2023-03-02,Zone_B,65,9605,31.0,69.5,532.1,329.5,16.4,11.4,8.6,1.3,3,0.031,Healthy
2023-03-02,Zone_C,27,9878,31.0,69.5,231.6,113.0,12.8,1.1,4.5,1.6,4,0.04,Healthy
2023-03-02,Zone_D,23,9872,31.0,69.5,260.1,83.3,38.4,25.4,41.4,5.9,36,0.365,At_Risk
2023-03-03,Zone_A,7,9977,28.9,71.9,85.6,50.0,2.5,6.4,0.4,1.6,4,0.04,Healthy
2023-03-03,Zone_B,66,9602,28.9,71.9,555.8,306.8,0.0,2.8,5.4,1.6,2,0.021,Healthy
2023-03-03,Zone_C,28,9874,28.9,71.9,236.2,155.3,18.3,6.7,2.4,2.9,2,0.02,Healthy
2023-03-03,Zone_D,24,9836,28.9,71.9,239.1,132.0,1.9,10.6,4.0,1.7,5,0.051,Healthy
2023-03-04,Zone_A,8,9973,27.5,76.5,79.0,54.2,17.5,0.0,9.1,2.4,2,0.02,Healthy
2023-03-04,Zone_B,67,9600,27.5,76.5,519.3,306.1,2.3,3.8,8.1,2.5,7,0.073,Healthy
2023-03-04,Zone_C,29,9872,27.5,76.5,257.5,139.0,0.0,1.8,8.9,2.8,2,0.02,Healthy
2023-03-04,Zone_D,25,9831,27.5,76.5,229.0,121.5,7.2,1.8,6.7,1.1,4,0.041,Healthy
2023-03-05,Zone_A,9,9971,29.1,70.1,99.0,53.6,8.5,3.5,4.0,2.8,6,0.06,Healthy
2023-03-05,Zone_B,68,9593,29.1,70.1,610.0,313.4,6.1,9.7,6.5,1.4,5,0.052,Healthy
2023-03-05,Zone_C,30,9870,29.1,70.1,245.7,131.1,0.0,5.6,11.9,3.3,6,0.061,Healthy
2023-03-05,Zone_D,26,9827,29.1,70.1,203.4,137.3,4.0,1.8,2.5,1.4,3,0.031,Healthy
2023-03-06,Zone_A,10,9965,24.4,76.0,110.1,54.9,20.7,1.3,0.0,1.3,7,0.07,Healthy
2023-03-06,Zone_B,69,9588,24.4,76.0,528.3,376.5,5.0,3.1,4.6,3.6,1,0.01,Healthy
2023-03-06,Zone_C,31,9864,24.4,76.0,288.5,157.6,10.9,5.4,6.2,1.2,5,0.051,Healthy
2023-03-06,Zone_D,27,9824,24.4,76.0,257.9,132.8,0.0,6.5,4.9,2.4,4,0.041,Healthy
2023-03-07,Zone_A,11,9958,25.1,80.1,110.0,59.8,0.0,10.5,0.0,4.0,7,0.07,Healthy
2023-03-07,Zone_B,70,9587,25.1,80.1,591.4,335.9,2.9,7.1,7.6,1.9,4,0.042,Healthy
2023-03-07,Zone_C,32,9859,25.1,80.1,282.7,156.5,0.0,9.5,7.4,0.0,6,0.061,Healthy
2023-03-07,Zone_D,28,9820,25.1,80.1,253.4,143.2,0.0,9.5,8.8,0.9,5,0.051,Healthy
2023-03-08,Zone_A,12,9951,27.0,59.0,132.8,65.5,12.5,7.1,7.9,1.9,3,0.03,Healthy
2023-03-08,Zone_B,1,10000,27.0,59.0,37.3,20.2,10.5,9.8,7.8,1.8,7,0.07,Healthy
2023-03-08,Zone_C,33,9853,27.0,59.0,273.5,163.2,1.3,2.0,2.3,1.4,3,0.03,Healthy
2023-03-08,Zone_D,29,9815,27.0,59.0,222.2,141.9,5.1,5.0,1.7,2.0,6,0.061,Healthy
2023-03-09,Zone_A,13,9948,26.0,63.9,122.4,69.0,8.3,4.2,3.9,0.0,6,0.06,Healthy
2023-03-09,Zone_B,2,9993,26.0,63.9,43.4,21.6,2.8,10.4,0.0,0.0,5,0.05,Healthy
2023-03-09,Zone_C,34,9850,26.0,63.9,332.4,192.2,2.1,3.0,8.2,0.7,5,0.051,Healthy
2023-03-09,Zone_D,30,9809,26.0,63.9,292.9,156.1,27.6,6.6,3.0,1.5,1,0.01,Healthy
2023-03-10,Zone_A,14,9942,28.1,66.7,142.1,74.7,0.0,9.5,5.0,1.5,4,0.04,Healthy
2023-03-10,Zone_B,3,9988,28.1,66.7,54.7,28.9,0.0,2.4,3.8,0.4,3,0.03,Healthy
2023-03-10,Zone_C,35,9845,28.1,66.7,332.2,165.9,8.9,5.8,8.4,1.4,5,0.051,Healthy
2023-03-10,Zone_D,31,9808,28.1,66.7,284.0,153.2,0.5,0.0,4.5,2.6,6,0.061,Healthy
2023-03-11,Zone_A,15,9938,31.7,79.9,150.8,83.1,10.8,3.7,7.5,2.5,4,0.04,Healthy
2023-03-11,Zone_B,4,9985,31.7,79.9,59.4,31.8,23.0,0.0,0.0,1.1,2,0.02,Healthy
2023-03-11,Zone_C,36,9840,31.7,79.9,351.9,132.7,34.3,40.0,27.0,6.3,39,0.396,At_Risk
2023-03-11,Zone_D,32,9802,31.7,79.9,310.0,144.5,16.2,7.7,0.7,0.3,6,0.061,Healthy
2023-03-12,Zone_A,16,9934,30.7,62.8,170.7,80.9,2.3,11.6,1.4,2.0,4,0.04,Healthy
2023-03-12,Zone_B,5,9983,30.7,62.8,64.6,39.3,12.5,5.2,1.0,2.1,3,0.03,Healthy
2023-03-12,Zone_C,37,9801,30.7,62.8,246.0,139.7,0.0,21.7,32.3,7.7,15,0.153,At_Risk
2023-03-12,Zone_D,33,9796,30.7,62.8,294.8,160.1,19.6,0.3,9.5,2.1,6,0.061,Healthy
2023-03-13,Zone_A,17,9930,31.1,70.2,172.5,96.4,11.7,2.7,5.4,2.7,2,0.02,Healthy
2023-03-13,Zone_B,6,9980,31.1,70.2,72.2,17.7,22.0,23.5,12.7,4.2,52,0.521,At_Risk
2023-03-13,Zone_C,38,9786,31.1,70.2,332.0,108.9,23.7,0.0,3.7,9.0,45,0.46,At_Risk
2023-03-13,Zone_D,34,9790,31.1,70.2,271.9,171.1,9.0,3.5,3.7,2.5,6,0.061,Healthy
2023-03-14,Zone_A,18,9928,28.2,72.0,188.6,99.8,22.3,0.9,1.8,0.5,4,0.04,Healthy
2023-03-14,Zone_B,7,9928,28.2,72.0,102.6,40.2,29.3,12.1,7.0,2.1,39,0.393,At_Risk
2023-03-14,Zone_C,39,9741,28.2,72.0,286.9,100.6,55.8,33.1,7.3,5.3,35,0.359,At_Risk
2023-03-14,Zone_D,35,9784,28.2,72.0,255.6,191.4,21.8,0.0,3.9,1.2,6,0.061,Healthy
2023-03-15,Zone_A,19,9924,27.4,73.7,161.2,116.8,6.0,2.4,6.7,1.5,3,0.03,Healthy
2023-03-15,Zone_B,8,9889,27.4,73.7,105.1,53.0,2.2,7.9,0.0,0.7,5,0.051,Healthy
2023-03-15,Zone_C,40,9706,27.4,73.7,319.2,161.9,17.9,38.7,2.4,7.8,25,0.258,At_Risk
2023-03-15,Zone_D,36,9778,27.4,73.7,306.6,170.6,6.7,3.3,4.7,3.2,4,0.041,Healthy
2023-03-16,Zone_A,20,9921,30.0,64.8,186.3,111.3,5.4,10.3,10.7,1.0,1,0.01,Healthy
2023-03-16,Zone_B,9,9884,30.0,64.8,94.4,60.0,19.8,0.0,8.6,0.5,6,0.061,Healthy
2023-03-16,Zone_C,41,9681,30.0,64.8,331.7,199.7,7.9,7.7,5.4,2.0,8,0.083,Healthy
2023-03-16,Zone_D,37,9774,30.0,64.8,369.0,158.8,13.0,1.4,0.0,1.3,6,0.061,Healthy
2023-03-17,Zone_A,21,9920,30.6,82.1,196.9,96.8,1.2,6.5,8.5,1.2,0,0.0,Healthy
2023-03-17,Zone_B,10,9878,30.6,82.1,111.8,61.0,17.7,9.9,0.7,2.0,7,0.071,Healthy
2023-03-17,Zone_C,42,9673,30.6,82.1,376.6,175.0,8.6,4.7,6.4,1.1,3,0.031,Healthy
2023-03-17,Zone_D,38,9768,30.6,82.1,305.7,186.5,2.8,7.7,0.4,2.0,5,0.051,Healthy
2023-03-18,Zone_A,22,9920,27.5,64.6,189.1,124.9,0.0,6.8,8.1,1.3,3,0.03,Healthy
2023-03-18,Zone_B,11,9871,27.5,64.6,132.3,71.8,14.1,5.3,1.8,0.8,5,0.051,Healthy
2023-03-18,Zone_C,43,9670,27.5,64.6,417.4,215.5,10.9,0.0,9.2,0.7,4,0.041,Healthy
2023-03-18,Zone_D,39,9763,27.5,64.6,397.6,194.3,35.5,7.4,4.3,1.9,6,0.061,Healthy
2023-03-19,Zone_A,23,9917,30.3,84.4,221.8,120.7,19.6,6.7,8.4,1.0,3,0.03,Healthy
2023-03-19,Zone_B,12,9866,30.3,84.4,128.6,62.9,20.8,6.8,11.7,1.5,6,0.061,Healthy
2023-03-19,Zone_C,44,9666,30.3,84.4,371.5,194.4,19.9,8.4,3.8,1.4,1,0.01,Healthy
2023-03-19,Zone_D,40,9757,30.3,84.4,376.0,189.4,18.7,7.0,5.2,1.5,3,0.031,Healthy
2023-03-20,Zone_A,24,9914,32.4,73.4,212.1,127.8,0.0,9.4,3.1,0.8,6,0.061,Healthy
2023-03-20,Zone_B,13,9860,32.4,73.4,143.5,71.2,25.3,7.7,0.0,2.5,5,0.051,Healthy
2023-03-20,Zone_C,45,9665,32.4,73.4,396.0,211.1,1.4,6.6,0.9,0.4,1,0.01,Healthy
2023-03-20,Zone_D,41,9754,32.4,73.4,341.0,217.3,34.5,2.9,0.0,0.6,7,0.072,Healthy
2023-03-21,Zone_A,25,9908,30.7,65.6,238.7,129.1,25.2,10.8,3.6,0.4,4,0.04,Healthy
2023-03-21,Zone_B,14,9855,30.7,65.6,129.6,79.6,4.5,6.4,4.8,1.5,3,0.03,Healthy
2023-03-21,Zone_C,46,9664,30.7,65.6,370.1,217.9,23.0,9.1,0.0,0.8,1,0.01,Healthy
2023-03-21,Zone_D,42,9747,30.7,65.6,364.7,193.4,0.0,1.3,1.0,1.7,5,0.051,Healthy
2023-03-22,Zone_A,26,9904,29.5,71.4,232.4,126.2,27.3,10.4,0.0,2.2,6,0.061,Healthy
2023-03-22,Zone_B,15,9852,29.5,71.4,158.2,74.9,26.0,0.5,1.3,2.3,5,0.051,Healthy
2023-03-22,Zone_C,47,9663,29.5,71.4,418.8,236.5,14.5,0.0,9.2,2.4,4,0.041,Healthy
2023-03-22,Zone_D,43,9742,29.5,71.4,329.3,207.8,15.7,7.3,4.8,2.4,4,0.041,Healthy
2023-03-23,Zone_A,27,9898,32.0,61.8,242.3,136.2,20.4,3.5,4.5,2.2,4,0.04,Healthy
2023-03-23,Zone_B,16,9847,32.0,61.8,178.5,75.8,31.9,0.0,7.8,1.1,5,0.051,Healthy
2023-03-23,Zone_C,48,9659,32.0,61.8,408.0,236.4,10.3,2.2,1.3,0.8,4,0.041,Healthy
2023-03-23,Zone_D,44,9738,32.0,61.8,404.3,200.8,33.0,2.7,6.0,1.9,5,0.051,Healthy
2023-03-24,Zone_A,28,9894,31.0,75.9,228.7,146.4,23.6,8.5,1.9,1.5,6,0.061,Healthy
2023-03-24,Zone_B,17,9842,31.0,75.9,178.8,90.0,38.6,1.9,0.0,1.7,6,0.061,Healthy
2023-03-24,Zone_C,49,9655,31.0,75.9,473.2,231.2,1.5,7.8,2.6,2.9,8,0.083,Healthy
2023-03-24,Zone_D,45,9733,31.0,75.9,374.3,204.2,23.5,3.5,4.8,1.5,1,0.01,Healthy
2023-03-25,Zone_A,29,9888,30.7,64.5,292.1,139.8,1.5,8.3,3.9,1.3,6,0.061,Healthy
2023-03-25,Zone_B,18,9836,30.7,64.5,180.7,98.6,23.7,3.7,2.6,0.6,3,0.031,Healthy
2023-03-25,Zone_C,50,9647,30.7,64.5,428.9,263.3,14.7,4.3,31.8,7.6,28,0.29,At_Risk
2023-03-25,Zone_D,46,9732,30.7,64.5,416.1,130.4,33.7,33.8,0.1,5.8,21,0.216,At_Risk
2023-03-26,Zone_A,30,9882,30.9,93.9,263.2,154.4,24.0,6.9,6.7,2.0,9,0.091,Healthy
2023-03-26,Zone_B,19,9833,30.9,93.9,202.1,49.9,12.0,34.1,7.6,4.8,24,0.244,At_Risk
2023-03-26,Zone_C,51,9619,30.9,93.9,523.4,206.8,6.5,18.2,0.9,1.4,16,0.166,At_Risk
2023-03-26,Zone_D,47,9711,30.9,93.9,471.5,177.2,30.6,8.0,17.5,9.9,51,0.525,At_Risk
2023-03-27,Zone_A,31,9873,27.2,55.0,286.8,177.6,0.0,7.1,0.0,1.5,5,0.051,Healthy
2023-03-27,Zone_B,20,9809,27.2,55.0,173.7,112.8,4.5,1.3,6.0,0.8,4,0.041,Healthy
2023-03-27,Zone_C,52,9603,27.2,55.0,397.7,129.2,21.8,23.2,12.2,5.0,28,0.292,At_Risk
2023-03-27,Zone_D,48,9660,27.2,55.0,635.1,145.6,1.8,53.8,29.3,5.9,45,0.466,At_Risk
2023-03-28,Zone_A,32,9868,30.9,73.1,314.2,158.3,25.8,2.5,0.0,1.3,3,0.03,Healthy
2023-03-28,Zone_B,21,9805,30.9,73.1,216.6,108.9,10.3,4.8,5.2,2.2,0,0.0,Healthy
2023-03-28,Zone_C,53,9575,30.9,73.1,521.4,165.4,45.9,6.3,2.0,4.5,12,0.125,At_Risk
2023-03-28,Zone_D,49,9615,30.9,73.1,467.7,120.7,19.4,25.7,0.0,8.7,34,0.354,At_Risk
2023-03-29,Zone_A,33,9865,31.3,60.9,294.1,160.9,21.9,7.7,2.1,1.6,5,0.051,Healthy
2023-03-29,Zone_B,22,9805,31.3,60.9,216.8,127.3,23.8,5.3,10.6,1.8,3,0.031,Healthy
2023-03-29,Zone_C,54,9563,31.3,60.9,603.6,275.7,20.3,22.9,23.2,7.6,45,0.471,At_Risk
2023-03-29,Zone_D,50,9581,31.3,60.9,555.2,170.4,40.1,17.5,16.3,0.9,32,0.334,At_Risk
2023-03-30,Zone_A,34,9860,33.4,68.3,286.6,156.6,11.2,1.9,3.5,0.4,4,0.041,Healthy
2023-03-30,Zone_B,23,9802,33.4,68.3,197.8,127.1,37.3,7.0,9.1,1.0,6,0.061,Healthy
2023-03-30,Zone_C,55,9518,33.4,68.3,559.9,170.2,38.8,37.3,16.3,5.1,39,0.41,At_Risk
2023-03-30,Zone_D,51,9549,33.4,68.3,432.2,180.4,17.5,39.6,15.4,8.2,23,0.241,At_Risk
2023-03-31,Zone_A,35,9856,28.1,74.7,297.1,176.1,0.0,0.0,6.4,0.2,5,0.051,Healthy
2023-03-31,Zone_B,24,9796,28.1,74.7,233.4,120.4,3.3,3.7,7.9,1.8,5,0.051,Healthy
2023-03-31,Zone_C,56,9479,28.1,74.7,421.6,277.0,13.9,7.4,0.9,1.3,4,0.042,Healthy
2023-03-31,Zone_D,52,9526,28.1,74.7,460.2,246.3,20.6,9.3,0.0,2.0,7,0.073,Healthy
2023-04-01,Zone_A,36,9851,30.0,78.7,344.7,205.5,14.5,9.2,5.6,1.5,4,0.041,Healthy
2023-04-01,Zone_B,25,9791,30.0,78.7,214.5,143.4,27.4,7.0,0.0,1.8,0,0.0,Healthy
2023-04-01,Zone_C,57,9475,30.0,78.7,523.3,285.1,6.1,5.5,12.8,1.1,2,0.021,Healthy
2023-04-01,Zone_D,53,9519,30.0,78.7,527.9,283.5,12.1,9.0,10.4,0.9,3,0.032,Healthy
2023-04-02,Zone_A,37,9847,31.4,83.5,303.7,189.7,36.1,2.9,3.7,1.8,8,0.081,Healthy
2023-04-02,Zone_B,26,9791,31.4,83.5,245.5,141.0,20.9,5.2,7.2,0.0,4,0.041,Healthy
2023-04-02,Zone_C,58,9473,31.4,83.5,271.9,182.3,35.7,17.2,28.8,6.6,38,0.401,At_Risk
2023-04-02,Zone_D,54,9516,31.4,83.5,540.7,193.5,34.5,32.5,4.2,0.9,43,0.452,At_Risk
2023-04-03,Zone_A,38,9839,29.9,63.6,317.9,199.3,14.3,8.3,4.9,1.9,3,0.03,Healthy
2023-04-03,Zone_B,27,9787,29.9,63.6,241.7,134.4,4.3,4.3,0.0,1.1,4,0.041,Healthy
2023-04-03,Zone_C,59,9435,29.9,63.6,495.1,274.8,11.2,6.9,8.5,1.0,2,0.021,Healthy
2023-04-03,Zone_D,55,9473,29.9,63.6,454.1,240.6,8.3,1.9,0.0,1.1,5,0.053,Healthy
2023-04-04,Zone_A,39,9836,29.6,65.5,317.5,184.2,10.4,1.6,7.3,0.1,4,0.041,Healthy
2023-04-04,Zone_B,28,9783,29.6,65.5,257.5,144.4,37.6,6.4,1.0,1.4,1,0.01,Healthy
2023-04-04,Zone_C,60,9433,29.6,65.5,478.8,283.2,19.8,2.8,4.5,1.0,8,0.085,Healthy
2023-04-04,Zone_D,56,9468,29.6,65.5,551.1,260.1,18.8,6.9,6.5,1.8,0,0.0,Healthy
2023-04-05,Zone_A,40,9832,27.5,76.8,311.5,194.2,4.0,11.8,10.0,1.5,6,0.061,Healthy
2023-04-05,Zone_B,29,9782,27.5,76.8,226.2,141.2,0.0,11.3,3.9,1.3,4,0.041,Healthy
2023-04-05,Zone_C,61,9425,27.5,76.8,588.9,333.6,26.7,4.4,6.2,0.3,7,0.074,Healthy
2023-04-05,Zone_D,57,9468,27.5,76.8,497.2,246.1,0.0,2.6,1.7,1.0,3,0.032,Healthy
2023-04-06,Zone_A,41,9826,26.7,76.7,365.4,181.9,14.2,2.9,2.1,1.3,7,0.071,Healthy
2023-04-06,Zone_B,30,9778,26.7,76.7,258.5,152.3,6.9,0.6,7.7,1.8,4,0.041,Healthy
2023-04-06,Zone_C,62,9418,26.7,76.7,491.7,274.3,7.4,9.9,2.5,1.9,0,0.0,Healthy
2023-04-06,Zone_D,58,9465,26.7,76.7,495.6,263.1,0.0,1.3,2.3,1.7,4,0.042,Healthy
2023-04-07,Zone_A,42,9819,23.0,53.0,380.6,194.1,0.0,3.0,2.9,2.6,4,0.041,Healthy
2023-04-07,Zone_B,31,9774,23.0,53.0,281.2,159.2,0.0,8.1,5.9,1.9,12,0.123,Healthy
2023-04-07,Zone_C,63,9418,23.0,53.0,611.4,248.7,0.0,6.1,4.8,1.2,3,0.032,Healthy
2023-04-07,Zone_D,59,9461,23.0,53.0,443.6,287.9,7.5,3.3,0.5,1.1,7,0.074,Healthy
2023-04-08,Zone_A,43,9815,26.1,72.9,398.1,196.3,7.2,12.4,4.3,2.0,5,0.051,Healthy
2023-04-08,Zone_B,32,9762,26.1,72.9,269.7,175.5,7.8,4.2,4.7,1.6,5,0.051,Healthy
2023-04-08,Zone_C,64,9415,26.1,72.9,554.8,300.2,16.1,8.9,8.5,1.1,2,0.021,Healthy
2023-04-08,Zone_D,60,9454,26.1,72.9,549.0,306.8,15.1,2.6,4.1,0.2,3,0.032,Healthy
2023-04-09,Zone_A,44,9810,28.9,66.3,377.6,223.9,11.9,0.4,5.3,0.0,4,0.041,Healthy
2023-04-09,Zone_B,33,9757,28.9,66.3,322.7,142.2,16.5,6.9,11.1,0.7,8,0.082,Healthy
2023-04-09,Zone_C,65,9413,28.9,66.3,543.0,330.4,20.0,0.6,1.7,1.0,3,0.032,Healthy
2023-04-09,Zone_D,61,9451,28.9,66.3,572.1,265.0,6.1,6.4,2.7,0.0,5,0.053,Healthy
2023-04-10,Zone_A,45,9806,22.8,69.5,453.7,193.7,9.1,5.4,10.1,0.8,5,0.051,Healthy
2023-04-10,Zone_B,34,9749,22.8,69.5,308.8,170.7,12.7,7.9,6.2,0.2,2,0.021,Healthy
2023-04-10,Zone_C,66,9410,22.8,69.5,565.8,308.9,0.0,14.6,11.1,2.0,4,0.043,Healthy
2023-04-10,Zone_D,62,9446,22.8,69.5,488.9,289.0,0.8,6.0,0.0,1.8,4,0.042,Healthy
2023-04-11,Zone_A,46,9801,22.6,63.1,459.9,214.7,5.6,0.0,6.9,0.3,7,0.071,Healthy
2023-04-11,Zone_B,35,9747,22.6,63.1,308.2,166.0,13.3,0.0,0.0,1.0,6,0.062,Healthy
2023-04-11,Zone_C,67,9406,22.6,63.1,440.6,278.0,0.0,7.2,9.8,1.1,3,0.032,Healthy
2023-04-11,Zone_D,63,9442,22.6,63.1,456.9,326.1,0.0,5.8,6.8,1.1,4,0.042,Healthy
2023-04-12,Zone_A,47,9794,21.1,64.7,375.7,234.7,0.6,6.8,3.6,1.6,2,0.02,Healthy
2023-04-12,Zone_B,36,9741,21.1,64.7,334.2,174.1,1.6,2.7,5.9,2.1,0,0.0,Healthy
2023-04-12,Zone_C,68,9403,21.1,64.7,562.3,350.8,4.3,9.8,0.0,0.9,4,0.043,Healthy
2023-04-12,Zone_D,64,9438,21.1,64.7,621.1,284.0,0.0,2.8,5.8,0.5,3,0.032,Healthy
2023-04-13,Zone_A,48,9792,26.5,67.3,398.2,229.3,0.0,6.3,12.0,1.5,5,0.051,Healthy
2023-04-13,Zone_B,37,9741,26.5,67.3,293.5,191.6,18.6,5.8,11.5,0.9,8,0.082,Healthy
2023-04-13,Zone_C,69,9399,26.5,67.3,611.8,345.7,3.9,4.0,9.8,1.6,0,0.0,Healthy
2023-04-13,Zone_D,65,9435,26.5,67.3,545.3,280.0,4.7,4.8,9.9,0.0,5,0.053,Healthy
2023-04-14,Zone_A,49,9787,22.1,76.1,438.1,233.7,0.0,10.1,9.2,2.0,4,0.041,Healthy
2023-04-14,Zone_B,38,9733,22.1,76.1,315.9,194.6,8.6,11.6,9.3,0.9,5,0.051,Healthy
2023-04-14,Zone_C,70,9399,22.1,76.1,621.2,295.9,4.5,0.0,0.4,1.3,4,0.043,Healthy
2023-04-14,Zone_D,66,9430,22.1,76.1,579.1,281.8,2.5,4.2,2.0,2.3,8,0.085,Healthy
2023-04-15,Zone_A,50,9783,24.5,65.1,419.6,249.4,0.0,8.0,0.0,2.6,5,0.051,Healthy
2023-04-15,Zone_B,39,9728,24.5,65.1,340.5,184.2,0.0,0.0,11.0,1.5,5,0.051,Healthy
2023-04-15,Zone_C,1,10000,24.5,65.1,32.2,21.0,4.7,3.9,8.4,0.0,4,0.04,Healthy
2023-04-15,Zone_D,67,9422,24.5,65.1,589.4,301.2,4.7,2.2,2.2,1.4,2,0.021,Healthy
2023-04-16,Zone_A,51,9778,27.0,67.0,426.9,187.6,0.0,0.0,0.1,1.6,7,0.072,Healthy
2023-04-16,Zone_B,40,9723,27.0,67.0,334.0,199.9,7.7,3.2,2.2,0.6,1,0.01,Healthy
2023-04-16,Zone_C,2,9996,27.0,67.0,43.7,23.3,2.2,3.3,1.2,2.0,2,0.02,Healthy
2023-04-16,Zone_D,68,9420,27.0,67.0,531.5,340.9,0.0,0.0,3.0,2.3,5,0.053,Healthy
2023-04-17,Zone_A,52,9771,27.2,74.2,436.3,227.0,0.0,10.3,0.2,2.2,6,0.061,Healthy
2023-04-17,Zone_B,41,9722,27.2,74.2,347.3,228.7,10.7,14.1,2.5,0.3,1,0.01,Healthy
2023-04-17,Zone_C,3,9994,27.2,74.2,43.6,30.1,0.0,6.7,5.7,1.8,5,0.05,Healthy
2023-04-17,Zone_D,69,9415,27.2,74.2,541.3,358.8,0.0,1.9,8.3,2.2,5,0.053,Healthy
2023-04-18,Zone_A,53,9765,27.5,60.6,511.9,287.3,11.8,12.1,0.0,1.1,3,0.031,Healthy
2023-04-18,Zone_B,42,9721,27.5,60.6,336.4,215.8,12.1,10.5,7.8,1.7,2,0.021,Healthy
2023-04-18,Zone_C,4,9989,27.5,60.6,65.3,30.8,12.3,4.8,3.3,0.0,2,0.02,Healthy
2023-04-18,Zone_D,70,9410,27.5,60.6,533.2,380.5,6.4,9.0,0.0,1.6,6,0.064,Healthy
2023-04-19,Zone_A,54,9762,25.1,92.9,503.7,223.6,0.0,8.1,6.8,0.9,5,0.051,Healthy
2023-04-19,Zone_B,43,9719,25.1,92.9,393.4,177.5,3.0,7.6,9.2,1.8,5,0.051,Healthy
2023-04-19,Zone_C,5,9987,25.1,92.9,63.7,34.9,11.9,10.7,4.0,1.5,3,0.03,Healthy
2023-04-19,Zone_D,1,10000,25.1,92.9,37.0,21.3,19.4,1.5,3.5,1.7,6,0.06,Healthy
2023-04-20,Zone_A,55,9757,24.6,63.0,499.8,281.0,0.0,10.4,9.7,1.6,5,0.051,Healthy
2023-04-20,Zone_B,44,9714,24.6,63.0,357.0,222.4,0.3,0.0,8.5,0.3,7,0.072,Healthy
2023-04-20,Zone_C,6,9984,24.6,63.0,74.3,40.9,0.0,3.8,10.7,0.0,7,0.07,Healthy
2023-04-20,Zone_D,2,9994,24.6,63.0,39.0,24.6,0.0,11.7,1.2,0.6,7,0.07,Healthy
2023-04-21,Zone_A,56,9752,25.7,62.5,441.2,271.6,11.0,9.2,7.1,1.8,8,0.082,Healthy
2023-04-21,Zone_B,45,9707,25.7,62.5,354.5,217.5,4.5,13.3,0.9,1.2,5,0.052,Healthy
2023-04-21,Zone_C,7,9977,25.7,62.5,77.1,46.3,11.2,14.3,5.8,0.8,1,0.01,Healthy
2023-04-21,Zone_D,3,9987,25.7,62.5,55.8,29.1,4.8,5.0,2.6,0.6,6,0.06,Healthy
2023-04-22,Zone_A,57,9744,26.8,57.6,511.1,306.0,16.5,0.0,0.0,1.4,5,0.051,Healthy
2023-04-22,Zone_B,46,9702,26.8,57.6,422.2,253.9,0.1,0.9,9.9,0.7,8,0.082,Healthy
2023-04-22,Zone_C,8,9976,26.8,57.6,103.5,49.8,9.3,4.5,2.9,1.2,5,0.05,Healthy
2023-04-22,Zone_D,4,9981,26.8,57.6,56.6,33.2,0.9,5.3,0.0,1.9,3,0.03,Healthy
2023-04-23,Zone_A,58,9739,22.8,56.5,442.9,236.4,0.0,12.8,2.9,1.6,5,0.051,Healthy
2023-04-23,Zone_B,47,9694,22.8,56.5,405.2,228.9,0.0,10.8,12.2,0.2,2,0.021,Healthy
2023-04-23,Zone_C,9,9971,22.8,56.5,92.2,54.3,5.1,2.1,13.7,2.5,5,0.05,Healthy
2023-04-23,Zone_D,5,9978,22.8,56.5,73.5,40.6,0.0,1.7,5.3,2.2,5,0.05,Healthy
2023-04-24,Zone_A,59,9734,22.0,63.6,501.8,278.8,19.7,0.0,7.0,2.7,9,0.092,Healthy
2023-04-24,Zone_B,48,9692,22.0,63.6,432.1,223.5,5.7,5.8,4.6,1.8,0,0.0,Healthy
2023-04-24,Zone_C,10,9966,22.0,63.6,109.1,63.3,0.0,13.2,2.3,1.2,8,0.08,Healthy
2023-04-24,Zone_D,6,9973,22.0,63.6,72.3,39.2,0.0,8.4,5.8,0.5,3,0.03,Healthy
2023-04-25,Zone_A,60,9725,24.0,69.4,530.2,294.7,0.0,9.3,6.0,2.6,5,0.051,Healthy
2023-04-25,Zone_B,49,9692,24.0,69.4,439.7,256.2,13.5,7.1,4.6,3.3,6,0.062,Healthy
2023-04-25,Zone_C,11,9958,24.0,69.4,104.2,67.5,0.0,6.2,5.6,1.0,5,0.05,Healthy
2023-04-25,Zone_D,7,9970,24.0,69.4,88.4,52.4,0.0,4.6,1.8,1.2,4,0.04,Healthy
2023-04-26,Zone_A,61,9720,24.4,60.0,497.7,286.5,0.0,13.2,9.4,1.2,4,0.041,Healthy
2023-04-26,Zone_B,50,9686,24.4,60.0,490.6,217.5,19.0,5.6,9.1,1.6,2,0.021,Healthy
2023-04-26,Zone_C,12,9953,24.4,60.0,125.5,66.7,0.0,4.1,4.6,1.4,5,0.05,Healthy
2023-04-26,Zone_D,8,9966,24.4,60.0,86.5,46.7,0.0,8.9,0.0,2.4,7,0.07,Healthy
2023-04-27,Zone_A,62,9716,24.9,49.2,526.5,285.5,0.0,2.9,11.1,2.0,3,0.031,Healthy
2023-04-27,Zone_B,51,9684,24.9,49.2,428.6,213.3,0.0,7.0,2.9,1.9,8,0.083,Healthy
2023-04-27,Zone_C,13,9948,24.9,49.2,131.8,78.3,0.0,3.6,9.7,1.0,5,0.05,Healthy
2023-04-27,Zone_D,9,9959,24.9,49.2,95.9,55.7,0.0,6.3,4.8,1.9,3,0.03,Healthy
2023-04-28,Zone_A,63,9713,28.2,63.0,462.2,339.4,10.8,6.9,1.8,1.8,7,0.072,Healthy
2023-04-28,Zone_B,52,9676,28.2,63.0,466.2,204.8,0.0,1.1,11.5,1.0,2,0.021,Healthy
2023-04-28,Zone_C,14,9943,28.2,63.0,163.6,76.8,0.0,0.8,11.0,3.0,4,0.04,Healthy
2023-04-28,Zone_D,10,9956,28.2,63.0,126.1,54.1,22.4,7.7,1.8,1.5,4,0.04,Healthy
2023-04-29,Zone_A,64,9706,26.6,81.6,498.4,324.3,15.5,6.3,7.7,2.7,2,0.021,Healthy
2023-04-29,Zone_B,53,9674,26.6,81.6,436.9,252.8,0.0,6.4,15.0,0.0,4,0.041,Healthy
2023-04-29,Zone_C,15,9939,26.6,81.6,150.0,86.7,0.6,0.0,5.9,0.9,0,0.0,Healthy
2023-04-29,Zone_D,11,9952,26.6,81.6,125.0,70.7,2.3,5.9,9.3,1.7,6,0.06,Healthy
2023-04-30,Zone_A,65,9704,25.6,80.5,562.1,315.4,0.0,6.1,1.7,1.0,3,0.031,Healthy
2023-04-30,Zone_B,54,9670,25.6,80.5,543.3,236.0,13.3,12.7,0.1,1.6,2,0.021,Healthy
2023-04-30,Zone_C,16,9939,25.6,80.5,145.1,82.2,12.4,3.4,9.3,2.0,9,0.091,Healthy
2023-04-30,Zone_D,12,9946,25.6,80.5,136.7,60.8,11.5,1.1,9.0,1.8,4,0.04,Healthy
2023-05-01,Zone_A,66,9701,24.7,64.2,561.6,363.2,7.8,1.8,1.9,2.4,2,0.021,Healthy
2023-05-01,Zone_B,55,9668,24.7,64.2,473.8,253.8,1.1,4.3,6.6,2.1,6,0.062,Healthy
2023-05-01,Zone_C,17,9930,24.7,64.2,161.0,84.3,11.9,8.6,0.0,1.8,1,0.01,Healthy
2023-05-01,Zone_D,13,9942,24.7,64.2,152.4,73.8,0.0,1.7,8.1,0.3,3,0.03,Healthy
2023-05-02,Zone_A,67,9699,27.8,64.9,603.6,310.5,9.7,6.1,3.6,1.8,4,0.041,Healthy
2023-05-02,Zone_B,56,9662,27.8,64.9,461.5,276.8,3.7,1.0,4.9,0.9,2,0.021,Healthy
2023-05-02,Zone_C,18,9929,27.8,64.9,175.7,98.0,13.4,3.3,6.6,1.9,5,0.05,Healthy
2023-05-02,Zone_D,14,9939,27.8,64.9,142.1,72.8,9.2,5.0,0.0,1.6,9,0.091,Healthy
2023-05-03,Zone_A,68,9695,26.2,64.2,592.2,330.6,12.5,0.0,7.9,2.0,4,0.041,Healthy
2023-05-03,Zone_B,57,9660,26.2,64.2,528.9,278.9,9.3,0.4,8.3,1.4,4,0.041,Healthy
2023-05-03,Zone_C,19,9924,26.2,64.2,178.7,101.1,12.5,4.7,0.5,1.2,5,0.05,Healthy
2023-05-03,Zone_D,15,9930,26.2,64.2,155.7,90.6,0.0,14.9,6.1,2.5,4,0.04,Healthy
2023-05-04,Zone_A,69,9691,28.3,76.7,635.5,357.2,15.6,3.7,2.7,1.8,6,0.062,Healthy
2023-05-04,Zone_B,58,9656,28.3,76.7,539.1,271.1,21.4,1.3,1.7,1.4,5,0.052,Healthy
2023-05-04,Zone_C,20,9919,28.3,76.7,209.4,100.6,11.1,5.2,0.0,0.4,5,0.05,Healthy
2023-05-04,Zone_D,16,9926,28.3,76.7,169.3,72.2,5.2,18.0,14.2,1.4,4,0.04,Healthy
2023-05-05,Zone_A,70,9685,29.5,83.6,509.1,286.8,4.3,7.3,7.0,2.4,2,0.021,Healthy
2023-05-05,Zone_B,59,9651,29.5,83.6,539.6,228.5,2.2,0.0,5.6,2.1,4,0.041,Healthy
2023-05-05,Zone_C,21,9914,29.5,83.6,194.6,105.5,6.8,0.0,2.1,1.9,5,0.05,Healthy
2023-05-05,Zone_D,17,9922,29.5,83.6,151.6,92.7,8.7,0.0,5.7,2.6,2,0.02,Healthy
2023-05-06,Zone_A,1,10000,26.6,72.6,33.8,21.5,0.0,0.0,5.4,3.1,5,0.05,Healthy
2023-05-06,Zone_B,60,9647,26.6,72.6,526.2,284.5,1.8,1.7,8.3,1.7,4,0.041,Healthy
2023-05-06,Zone_C,22,9909,26.6,72.6,226.6,105.1,8.5,2.8,9.0,1.1,3,0.03,Healthy
2023-05-06,Zone_D,18,9920,26.6,72.6,148.3,90.2,6.6,0.0,0.1,0.0,4,0.04,Healthy
2023-05-07,Zone_A,2,9995,27.8,67.4,39.1,22.0,10.0,2.8,6.3,0.8,5,0.05,Healthy
2023-05-07,Zone_B,61,9643,27.8,67.4,545.5,319.7,1.3,6.0,4.0,1.5,4,0.041,Healthy
2023-05-07,Zone_C,23,9906,27.8,67.4,216.9,116.9,0.0,0.9,0.0,0.2,2,0.02,Healthy
2023-05-07,Zone_D,19,9916,27.8,67.4,168.0,101.8,10.5,5.1,0.0,2.0,6,0.061,Healthy
2023-05-08,Zone_A,3,9990,26.4,73.4,51.7,26.5,0.0,0.0,3.5,1.4,4,0.04,Healthy
2023-05-08,Zone_B,62,9639,26.4,73.4,512.3,266.2,3.9,4.8,5.7,1.0,7,0.073,Healthy
2023-05-08,Zone_C,24,9904,26.4,73.4,230.0,111.4,13.1,6.9,4.2,1.1,7,0.071,Healthy
2023-05-08,Zone_D,20,9910,26.4,73.4,174.3,93.0,0.0,10.0,6.5,0.7,4,0.04,Healthy
2023-05-09,Zone_A,4,9986,27.5,64.3,52.9,35.6,20.5,8.3,9.4,1.1,4,0.04,Healthy
2023-05-09,Zone_B,63,9632,27.5,64.3,514.7,264.3,9.3,10.2,0.6,1.2,4,0.042,Healthy
2023-05-09,Zone_C,25,9897,27.5,64.3,240.4,113.3,0.0,4.2,3.2,0.9,4,0.04,Healthy
2023-05-09,Zone_D,21,9906,27.5,64.3,191.2,107.6,0.0,6.3,11.6,1.6,6,0.061,Healthy
2023-05-10,Zone_A,5,9982,26.2,71.3,59.5,34.2,0.0,9.8,8.8,1.7,1,0.01,Healthy
2023-05-10,Zone_B,64,9628,26.2,71.3,558.6,298.2,2.4,0.0,1.4,1.4,5,0.052,Healthy
2023-05-10,Zone_C,26,9893,26.2,71.3,234.5,108.8,2.0,8.4,7.8,2.0,3,0.03,Healthy
2023-05-10,Zone_D,22,9900,26.2,71.3,198.7,96.6,10.6,10.6,7.8,1.8,5,0.051,Healthy
2023-05-11,Zone_A,6,9981,28.1,69.0,67.8,47.1,38.8,19.4,26.9,3.1,40,0.401,At_Risk
2023-05-11,Zone_B,65,9623,28.1,69.0,490.8,289.4,8.6,9.0,1.6,0.3,4,0.042,Healthy
2023-05-11,Zone_C,27,9890,28.1,69.0,256.5,135.5,15.9,4.8,12.4,1.7,4,0.04,Healthy
2023-05-11,Zone_D,23,9895,28.1,69.0,208.8,103.2,3.1,8.8,6.8,0.6,5,0.051,Healthy
2023-05-12,Zone_A,7,9941,30.9,82.2,88.4,39.5,25.3,31.8,31.9,5.3,20,0.201,At_Risk
2023-05-12,Zone_B,66,9619,30.9,82.2,578.6,292.7,26.9,2.6,0.0,1.2,6,0.062,Healthy
2023-05-12,Zone_C,28,9886,30.9,82.2,262.5,147.1,11.8,0.0,7.1,0.8,9,0.091,Healthy
2023-05-12,Zone_D,24,9890,30.9,82.2,211.1,128.6,8.5,4.6,4.0,2.4,5,0.051,Healthy
2023-05-13,Zone_A,8,9921,28.3,85.1,109.0,41.5,3.8,32.5,20.5,3.7,43,0.433,At_Risk
2023-05-13,Zone_B,67,9613,28.3,85.1,551.6,349.2,0.0,6.4,5.3,1.8,5,0.052,Healthy
2023-05-13,Zone_C,29,9877,28.3,85.1,292.2,151.4,12.6,0.8,10.5,2.8,11,0.111,Healthy
2023-05-13,Zone_D,25,9885,28.3,85.1,234.0,116.0,0.0,7.2,2.8,3.0,3,0.03,Healthy
2023-05-14,Zone_A,9,9878,26.6,66.2,105.9,46.7,0.0,5.1,0.0,1.2,8,0.081,Healthy
2023-05-14,Zone_B,68,9608,26.6,66.2,537.9,330.3,1.6,5.1,6.9,0.4,5,0.052,Healthy
2023-05-14,Zone_C,30,9866,26.6,66.2,256.4,117.5,0.0,7.5,5.1,0.4,2,0.02,Healthy
2023-05-14,Zone_D,26,9882,26.6,66.2,236.1,134.1,0.0,3.1,7.8,1.1,4,0.04,Healthy
2023-05-15,Zone_A,10,9870,34.6,58.6,122.2,34.4,38.6,25.6,4.9,4.7,48,0.486,At_Risk
2023-05-15,Zone_B,69,9603,34.6,58.6,626.3,346.4,11.5,0.4,0.0,0.9,6,0.062,Healthy
2023-05-15,Zone_C,31,9864,34.6,58.6,273.2,160.9,25.5,2.2,5.8,2.1,1,0.01,Healthy
2023-05-15,Zone_D,27,9878,34.6,58.6,264.0,139.8,21.5,7.8,16.3,1.4,5,0.051,Healthy
2023-05-16,Zone_A,11,9822,28.9,71.5,117.9,66.9,0.0,5.8,10.8,1.9,6,0.061,Healthy
2023-05-16,Zone_B,70,9597,28.9,71.5,629.6,323.7,11.6,1.2,6.3,0.7,3,0.031,Healthy
2023-05-16,Zone_C,32,9863,28.9,71.5,293.0,161.4,0.0,9.2,7.3,0.9,1,0.01,Healthy
2023-05-16,Zone_D,28,9873,28.9,71.5,244.7,139.4,9.9,3.5,0.0,1.2,4,0.041,Healthy
2023-05-17,Zone_A,12,9816,31.8,64.4,105.2,78.3,30.6,4.1,8.4,1.6,7,0.071,Healthy
2023-05-17,Zone_B,1,10000,31.8,64.4,32.0,18.9,31.7,4.5,5.9,2.5,2,0.02,Healthy
2023-05-17,Zone_C,33,9862,31.8,64.4,280.4,171.3,16.2,5.3,0.0,0.9,7,0.071,Healthy
2023-05-17,Zone_D,29,9869,31.8,64.4,260.6,155.8,20.0,3.8,10.4,1.3,5,0.051,Healthy
2023-05-18,Zone_A,13,9809,33.0,63.8,116.1,82.7,37.3,3.5,4.0,0.0,3,0.031,Healthy
2023-05-18,Zone_B,2,9998,33.0,63.8,41.1,22.0,19.7,8.8,5.8,1.7,2,0.02,Healthy
2023-05-18,Zone_C,34,9855,33.0,63.8,345.9,156.2,13.7,11.6,4.0,1.5,7,0.071,Healthy
2023-05-18,Zone_D,30,9864,33.0,63.8,267.6,165.3,17.1,4.8,6.4,2.2,4,0.041,Healthy
2023-05-19,Zone_A,14,9806,32.1,83.1,112.9,59.2,19.7,0.0,33.0,7.1,31,0.316,At_Risk
2023-05-19,Zone_B,3,9996,32.1,83.1,51.1,29.1,29.5,5.3,2.0,2.3,4,0.04,Healthy
2023-05-19,Zone_C,35,9848,32.1,83.1,298.6,179.8,11.7,5.3,5.1,1.9,4,0.041,Healthy
2023-05-19,Zone_D,31,9860,32.1,83.1,268.5,131.8,26.1,3.8,4.0,2.3,3,0.03,Healthy
2023-05-20,Zone_A,15,9775,27.8,68.7,137.0,79.3,3.7,7.0,5.0,1.7,8,0.082,Healthy
2023-05-20,Zone_B,4,9992,27.8,68.7,60.7,32.1,0.4,1.6,2.7,1.1,5,0.05,Healthy
2023-05-20,Zone_C,36,9844,27.8,68.7,296.0,192.7,17.7,26.8,29.5,8.2,31,0.315,At_Risk
2023-05-20,Zone_D,32,9857,27.8,68.7,231.5,128.1,0.5,9.4,0.0,0.0,6,0.061,Healthy
2023-05-21,Zone_A,16,9767,31.5,61.3,158.5,54.0,27.5,4.4,30.5,1.8,15,0.154,At_Risk
2023-05-21,Zone_B,5,9987,31.5,61.3,66.1,34.1,11.0,8.2,0.0,1.5,6,0.06,Healthy
2023-05-21,Zone_C,37,9813,31.5,61.3,254.8,211.0,36.1,0.0,3.3,5.4,28,0.285,At_Risk
2023-05-21,Zone_D,33,9851,31.5,61.3,262.0,178.9,21.6,12.5,6.7,1.7,4,0.041,Healthy
2023-05-22,Zone_A,17,9752,27.9,80.8,162.3,72.5,2.0,0.5,29.7,2.8,44,0.451,At_Risk
2023-05-22,Zone_B,6,9981,27.9,80.8,64.5,41.7,14.5,2.6,7.8,1.5,1,0.01,Healthy
2023-05-22,Zone_C,38,9785,27.9,80.8,406.7,118.0,26.8,37.8,37.1,3.9,37,0.378,At_Risk
2023-05-22,Zone_D,34,9847,27.9,80.8,308.1,153.3,15.9,1.7,10.7,1.4,3,0.03,Healthy
2023-05-23,Zone_A,18,9708,33.0,67.7,147.8,78.9,28.9,19.6,29.1,1.3,23,0.237,At_Risk
2023-05-23,Zone_B,7,9980,33.0,67.7,82.8,50.0,15.7,0.0,0.7,0.0,4,0.04,Healthy
2023-05-23,Zone_C,39,9748,33.0,67.7,325.2,98.4,29.8,18.1,40.0,0.3,49,0.503,At_Risk
2023-05-23,Zone_D,35,9844,33.0,67.7,291.1,185.9,23.0,3.2,5.7,2.7,6,0.061,Healthy
2023-05-24,Zone_A,19,9685,32.0,66.6,150.7,64.1,44.0,18.7,0.0,7.5,9,0.093,At_Risk
2023-05-24,Zone_B,8,9976,32.0,66.6,88.7,47.8,4.3,1.1,7.8,0.5,1,0.01,Healthy
2023-05-24,Zone_C,40,9699,32.0,66.6,400.3,108.8,20.5,4.9,25.2,0.7,29,0.299,At_Risk
2023-05-24,Zone_D,36,9838,32.0,66.6,308.2,182.4,28.0,0.5,9.5,1.6,4,0.041,Healthy
2023-05-25,Zone_A,20,9676,30.9,69.1,151.5,105.6,23.0,36.7,18.5,7.4,35,0.362,At_Risk
2023-05-25,Zone_B,9,9975,30.9,69.1,105.3,53.7,3.0,8.0,5.8,1.9,3,0.03,Healthy
2023-05-25,Zone_C,41,9670,30.9,69.1,419.1,72.6,6.0,21.8,25.9,8.2,36,0.372,At_Risk
2023-05-25,Zone_D,37,9834,30.9,69.1,309.6,196.4,14.8,4.8,0.0,0.7,3,0.031,Healthy
2023-05-26,Zone_A,21,9641,26.7,70.4,136.8,84.1,31.5,20.8,9.3,5.4,22,0.228,At_Risk
2023-05-26,Zone_B,10,9972,26.7,70.4,110.7,63.3,0.0,6.1,9.8,1.0,9,0.09,Healthy
2023-05-26,Zone_C,42,9634,26.7,70.4,368.2,195.4,0.0,5.9,0.0,1.1,2,0.021,Healthy
2023-05-26,Zone_D,38,9831,26.7,70.4,361.4,188.0,8.7,0.0,13.2,1.7,3,0.031,Healthy
2023-05-27,Zone_A,22,9619,31.0,71.4,208.4,107.9,8.9,3.4,2.3,0.4,5,0.052,Healthy
2023-05-27,Zone_B,11,9963,31.0,71.4,120.9,67.5,23.2,6.3,2.9,2.2,2,0.02,Healthy
2023-05-27,Zone_C,43,9632,31.0,71.4,346.4,193.5,25.8,8.8,6.9,2.4,3,0.031,Healthy
2023-05-27,Zone_D,39,9828,31.0,71.4,339.5,195.8,23.5,4.5,3.5,1.9,6,0.061,Healthy
2023-05-28,Zone_A,23,9614,29.2,69.5,170.7,108.5,11.6,7.4,6.0,0.0,4,0.042,Healthy
2023-05-28,Zone_B,12,9961,29.2,69.5,137.8,56.8,0.0,10.0,8.8,0.8,2,0.02,Healthy
2023-05-28,Zone_C,44,9629,29.2,69.5,357.5,219.0,10.6,3.1,0.0,0.0,5,0.052,Healthy
2023-05-28,Zone_D,40,9822,29.2,69.5,335.5,186.2,16.6,9.7,3.9,1.2,5,0.051,Healthy
2023-05-29,Zone_A,24,9610,27.7,71.8,233.4,128.4,0.0,2.0,1.5,1.6,5,0.052,Healthy
2023-05-29,Zone_B,13,9959,27.7,71.8,127.1,82.3,0.0,9.6,6.2,2.5,5,0.05,Healthy
2023-05-29,Zone_C,45,9624,27.7,71.8,349.7,197.4,0.0,7.6,9.8,3.0,6,0.062,Healthy
2023-05-29,Zone_D,41,9817,27.7,71.8,342.4,218.1,0.0,8.4,6.7,1.6,5,0.051,Healthy
2023-05-30,Zone_A,25,9605,30.8,80.3,239.5,140.7,22.9,7.1,3.2,2.1,2,0.021,Healthy
2023-05-30,Zone_B,14,9954,30.8,80.3,127.0,84.6,17.3,1.6,7.2,1.5,1,0.01,Healthy
2023-05-30,Zone_C,46,9618,30.8,80.3,381.1,229.5,23.3,5.0,6.6,0.7,3,0.031,Healthy
2023-05-30,Zone_D,42,9812,30.8,80.3,392.4,196.5,31.2,1.8,9.3,0.0,2,0.02,Healthy
2023-05-31,Zone_A,26,9603,28.0,59.2,245.5,115.3,4.0,6.5,7.8,1.7,6,0.062,Healthy
2023-05-31,Zone_B,15,9953,28.0,59.2,134.4,82.0,16.7,2.6,1.3,1.4,3,0.03,Healthy
2023-05-31,Zone_C,47,9615,28.0,59.2,418.9,218.9,9.6,1.4,3.0,2.4,5,0.052,Healthy
2023-05-31,Zone_D,43,9810,28.0,59.2,410.7,243.1,17.5,0.0,8.1,1.5,3,0.031,Healthy
2023-06-01,Zone_A,27,9597,30.0,77.6,228.4,142.0,19.6,2.4,5.9,1.3,4,0.042,Healthy
2023-06-01,Zone_B,16,9950,30.0,77.6,143.6,92.3,31.6,0.0,2.6,1.8,6,0.06,Healthy
2023-06-01,Zone_C,48,9610,30.0,77.6,413.9,229.1,16.3,4.1,10.6,2.2,6,0.062,Healthy
2023-06-01,Zone_D,44,9807,30.0,77.6,381.0,196.5,9.1,1.0,6.4,1.1,6,0.061,Healthy
2023-06-02,Zone_A,28,9593,27.3,83.8,258.3,130.9,11.9,2.7,8.4,0.5,7,0.073,Healthy
2023-06-02,Zone_B,17,9944,27.3,83.8,156.8,91.6,1.0,8.2,2.7,0.9,4,0.04,Healthy
2023-06-02,Zone_C,49,9604,27.3,83.8,485.6,213.3,0.0,8.3,5.8,0.7,4,0.042,Healthy
2023-06-02,Zone_D,45,9801,27.3,83.8,385.6,231.1,15.9,9.1,8.7,1.1,2,0.02,Healthy
2023-06-03,Zone_A,29,9586,28.0,71.6,216.4,151.9,5.8,5.6,3.9,2.5,5,0.052,Healthy
2023-06-03,Zone_B,18,9940,28.0,71.6,169.8,106.1,15.3,11.5,10.2,0.6,4,0.04,Healthy
2023-06-03,Zone_C,50,9600,28.0,71.6,448.9,233.4,12.8,1.6,5.3,0.0,7,0.073,Healthy
2023-06-03,Zone_D,46,9799,28.0,71.6,401.4,212.9,2.8,9.6,0.0,1.5,4,0.041,Healthy
2023-06-04,Zone_A,30,9581,28.0,83.8,286.7,139.4,9.6,10.0,2.3,0.9,6,0.063,Healthy
2023-06-04,Zone_B,19,9936,28.0,83.8,158.5,103.9,0.6,6.5,8.4,1.0,0,0.0,Healthy
2023-06-04,Zone_C,51,9593,28.0,83.8,397.1,254.7,0.0,0.0,8.3,1.6,4,0.042,Healthy
2023-06-04,Zone_D,47,9795,28.0,83.8,428.5,251.7,22.2,0.0,4.9,0.2,4,0.041,Healthy
2023-06-05,Zone_A,31,9575,28.1,75.0,292.0,155.1,13.4,13.6,3.7,0.7,5,0.052,Healthy
2023-06-05,Zone_B,20,9936,28.1,75.0,211.4,98.3,3.5,2.7,3.1,2.1,4,0.04,Healthy
2023-06-05,Zone_C,52,9589,28.1,75.0,507.9,236.2,0.0,5.1,7.6,0.2,5,0.052,Healthy
2023-06-05,Zone_D,48,9791,28.1,75.0,443.2,211.5,0.0,7.8,9.4,2.2,5,0.051,Healthy
2023-06-06,Zone_A,32,9570,27.9,65.4,270.2,177.7,0.0,7.7,1.8,0.7,1,0.01,Healthy
2023-06-06,Zone_B,21,9932,27.9,65.4,195.8,105.3,8.0,8.8,7.1,1.3,4,0.04,Healthy
2023-06-06,Zone_C,53,9584,27.9,65.4,502.8,263.8,6.8,3.1,1.0,0.3,6,0.063,Healthy
2023-06-06,Zone_D,49,9786,27.9,65.4,443.5,246.4,4.3,10.6,3.1,2.3,4,0.041,Healthy
2023-06-07,Zone_A,33,9569,26.8,74.7,302.7,168.9,3.2,4.8,14.6,2.4,6,0.063,Healthy
2023-06-07,Zone_B,22,9928,26.8,74.7,221.7,115.0,7.6,5.1,3.8,1.4,0,0.0,Healthy
2023-06-07,Zone_C,54,9578,26.8,74.7,446.3,262.3,18.3,5.1,0.2,1.5,2,0.021,Healthy
2023-06-07,Zone_D,50,9782,26.8,74.7,442.1,249.1,12.0,1.8,5.1,0.4,6,0.061,Healthy
2023-06-08,Zone_A,34,9563,28.8,74.0,312.4,168.0,24.3,3.9,5.6,0.6,3,0.031,Healthy
2023-06-08,Zone_B,23,9928,28.8,74.0,232.1,119.4,5.7,4.1,3.4,1.1,5,0.05,Healthy
2023-06-08,Zone_C,55,9576,28.8,74.0,520.9,231.1,1.6,7.9,0.0,2.0,6,0.063,Healthy
2023-06-08,Zone_D,51,9776,28.8,74.0,405.1,252.0,10.8,0.3,4.0,2.3,6,0.061,Healthy
2023-06-09,Zone_A,35,9560,27.5,62.2,311.0,181.4,0.0,8.1,4.9,2.5,2,0.021,Healthy
2023-06-09,Zone_B,24,9923,27.5,62.2,226.3,91.7,7.3,0.0,1.1,3.7,4,0.04,Healthy
2023-06-09,Zone_C,56,9570,27.5,62.2,455.6,282.6,0.0,4.3,3.9,1.2,4,0.042,Healthy
2023-06-09,Zone_D,52,9770,27.5,62.2,442.8,254.3,0.0,6.9,0.0,0.0,6,0.061,Healthy
2023-06-10,Zone_A,36,9558,28.2,69.5,300.6,157.2,3.8,0.0,2.0,2.0,7,0.073,Healthy
2023-06-10,Zone_B,25,9919,28.2,69.5,217.4,100.2,0.0,39.0,4.7,5.3,12,0.121,At_Risk
2023-06-10,Zone_C,57,9566,28.2,69.5,454.5,300.2,12.7,3.9,4.4,1.4,3,0.031,Healthy
2023-06-10,Zone_D,53,9764,28.2,69.5,454.0,253.2,8.9,5.3,8.2,2.2,2,0.02,Healthy
2023-06-11,Zone_A,37,9551,28.6,60.5,342.9,190.0,0.0,5.4,3.1,0.9,7,0.073,Healthy
2023-06-11,Zone_B,26,9907,28.6,60.5,141.2,91.3,28.8,24.7,14.1,7.0,31,0.313,At_Risk
2023-06-11,Zone_C,58,9563,28.6,60.5,475.8,227.9,2.2,6.9,0.0,3.5,5,0.052,Healthy
2023-06-11,Zone_D,54,9762,28.6,60.5,508.3,261.1,31.2,8.5,8.8,1.6,4,0.041,Healthy
2023-06-12,Zone_A,38,9544,25.6,63.4,298.6,175.8,0.0,0.0,5.8,1.5,5,0.052,Healthy
2023-06-12,Zone_B,27,9876,25.6,63.4,306.2,130.8,13.6,0.0,5.9,1.0,2,0.02,Healthy
2023-06-12,Zone_C,59,9558,25.6,63.4,522.4,250.4,0.0,8.9,9.0,2.6,3,0.031,Healthy
2023-06-12,Zone_D,55,9758,25.6,63.4,496.4,272.5,0.0,1.9,11.4,1.7,6,0.061,Healthy
2023-06-13,Zone_A,39,9539,24.7,60.2,339.5,181.8,0.0,5.0,0.0,0.6,6,0.063,Healthy
2023-06-13,Zone_B,28,9874,24.7,60.2,245.8,147.8,0.0,0.9,3.5,2.0,6,0.061,Healthy
2023-06-13,Zone_C,60,9555,24.7,60.2,465.7,273.7,2.7,1.7,2.9,2.6,6,0.063,Healthy
2023-06-13,Zone_D,56,9752,24.7,60.2,431.7,270.4,2.1,9.3,3.5,2.6,7,0.072,Healthy
2023-06-14,Zone_A,40,9533,29.4,72.4,390.7,204.2,14.7,3.0,3.2,1.7,2,0.021,Healthy
2023-06-14,Zone_B,29,9868,29.4,72.4,284.9,143.8,0.0,11.1,9.5,1.1,6,0.061,Healthy
2023-06-14,Zone_C,61,9549,29.4,72.4,572.4,289.6,20.1,0.0,7.3,1.3,4,0.042,Healthy
2023-06-14,Zone_D,57,9745,29.4,72.4,557.0,255.7,20.6,2.0,0.0,1.2,5,0.051,Healthy
2023-06-15,Zone_A,41,9531,26.3,80.0,387.0,212.1,4.3,0.0,4.2,2.3,4,0.042,Healthy
2023-06-15,Zone_B,30,9862,26.3,80.0,263.1,156.0,0.0,4.5,6.2,1.0,4,0.041,Healthy
2023-06-15,Zone_C,62,9545,26.3,80.0,576.6,271.9,0.0,10.8,11.1,1.4,2,0.021,Healthy
2023-06-15,Zone_D,58,9740,26.3,80.0,438.3,229.9,0.0,10.5,5.5,1.8,0,0.0,Healthy
2023-06-16,Zone_A,42,9527,23.3,77.1,362.9,208.7,5.6,11.5,4.1,1.6,5,0.052,Healthy
2023-06-16,Zone_B,31,9858,23.3,77.1,231.4,184.1,6.8,4.5,7.3,1.0,4,0.041,Healthy
2023-06-16,Zone_C,63,9543,23.3,77.1,671.1,315.5,8.1,1.6,3.3,1.1,1,0.01,Healthy
2023-06-16,Zone_D,59,9740,23.3,77.1,534.5,273.1,0.0,9.2,7.0,0.9,4,0.041,Healthy
2023-06-17,Zone_A,43,9522,28.7,75.9,368.2,208.6,8.8,3.0,0.0,3.1,5,0.053,Healthy
2023-06-17,Zone_B,32,9854,28.7,75.9,217.5,115.0,7.1,17.6,0.0,10.0,7,0.071,At_Risk
2023-06-17,Zone_C,64,9542,28.7,75.9,526.2,278.0,20.9,5.1,0.1,2.5,6,0.063,Healthy
2023-06-17,Zone_D,60,9736,28.7,75.9,542.4,297.3,32.0,13.7,2.3,2.8,5,0.051,Healthy
2023-06-18,Zone_A,44,9517,26.3,56.5,358.5,210.1,9.3,9.3,0.0,1.5,7,0.074,Healthy
2023-06-18,Zone_B,33,9847,26.3,56.5,311.5,161.1,4.5,6.4,3.9,0.5,2,0.02,Healthy
2023-06-18,Zone_C,65,9536,26.3,56.5,554.4,325.0,0.0,3.3,3.8,2.3,4,0.042,Healthy
2023-06-18,Zone_D,61,9731,26.3,56.5,552.1,258.4,0.0,5.1,11.4,1.5,5,0.051,Healthy
2023-06-19,Zone_A,45,9510,22.9,68.2,342.8,228.1,2.0,5.4,5.2,2.3,5,0.053,Healthy
2023-06-19,Zone_B,34,9845,22.9,68.2,278.4,187.9,1.4,5.3,0.7,2.3,9,0.091,Healthy
2023-06-19,Zone_C,66,9532,22.9,68.2,597.3,267.1,17.7,22.7,0.0,2.2,1,0.01,At_Risk
2023-06-19,Zone_D,62,9726,22.9,68.2,524.3,334.1,0.0,8.6,0.5,0.9,4,0.041,Healthy
2023-06-20,Zone_A,46,9505,27.2,74.0,402.1,226.4,7.5,5.8,0.9,1.5,2,0.021,Healthy
2023-06-20,Zone_B,35,9836,27.2,74.0,298.6,173.6,28.9,4.8,0.0,1.4,5,0.051,Healthy
2023-06-20,Zone_C,67,9531,27.2,74.0,373.5,356.7,1.7,27.1,5.9,4.7,24,0.252,At_Risk
2023-06-20,Zone_D,63,9722,27.2,74.0,566.9,296.8,0.0,3.9,4.9,1.6,5,0.051,Healthy
2023-06-21,Zone_A,47,9503,25.9,76.8,422.5,233.6,0.0,5.2,6.9,2.1,3,0.032,Healthy
2023-06-21,Zone_B,36,9831,25.9,76.8,304.0,167.7,5.4,9.1,3.4,2.2,5,0.051,Healthy
2023-06-21,Zone_C,68,9507,25.9,76.8,568.0,317.8,7.5,6.3,14.1,0.8,5,0.053,Healthy
2023-06-21,Zone_D,64,9717,25.9,76.8,507.5,290.2,0.0,5.5,16.7,1.4,2,0.021,Healthy
2023-06-22,Zone_A,48,9500,25.6,53.4,416.3,229.3,7.9,8.9,3.0,1.4,3,0.032,Healthy
2023-06-22,Zone_B,37,9826,25.6,53.4,334.8,165.1,0.0,3.3,1.0,1.9,8,0.081,Healthy
2023-06-22,Zone_C,69,9502,25.6,53.4,499.0,291.6,0.0,5.1,5.9,1.1,4,0.042,Healthy
2023-06-22,Zone_D,65,9715,25.6,53.4,599.6,316.5,0.0,3.5,5.9,0.8,8,0.082,Healthy
2023-06-23,Zone_A,49,9497,23.7,69.7,403.8,246.0,0.0,3.3,9.1,1.2,3,0.032,Healthy
2023-06-23,Zone_B,38,9818,23.7,69.7,325.9,199.8,0.0,5.6,8.1,3.4,6,0.061,Healthy
2023-06-23,Zone_C,70,9498,23.7,69.7,570.0,360.6,0.0,5.2,5.4,0.6,4,0.042,Healthy
2023-06-23,Zone_D,66,9707,23.7,69.7,577.8,322.0,5.0,6.2,3.0,1.1,2,0.021,Healthy
2023-06-24,Zone_A,50,9494,28.6,70.1,399.9,235.7,37.1,0.7,3.3,1.8,5,0.053,Healthy
2023-06-24,Zone_B,39,9812,28.6,70.1,392.5,205.1,12.8,0.8,4.0,1.7,9,0.092,Healthy
2023-06-24,Zone_C,1,10000,28.6,70.1,38.5,17.3,9.6,8.4,4.6,0.8,6,0.06,Healthy
2023-06-24,Zone_D,67,9705,28.6,70.1,614.0,333.1,7.6,2.6,0.0,2.2,5,0.052,Healthy
2023-06-25,Zone_A,51,9489,23.1,65.7,387.9,235.4,0.0,0.5,3.4,0.9,1,0.011,Healthy
2023-06-25,Zone_B,40,9803,23.1,65.7,386.2,226.6,0.0,6.1,6.7,2.5,3,0.031,Healthy
2023-06-25,Zone_C,2,9994,23.1,65.7,41.3,26.1,0.0,7.9,10.2,3.6,2,0.02,Healthy
2023-06-25,Zone_D,68,9700,23.1,65.7,558.9,338.9,7.8,0.0,0.0,0.9,5,0.052,Healthy
2023-06-26,Zone_A,52,9488,23.9,75.3,469.7,269.5,16.2,6.7,0.1,2.6,3,0.032,Healthy
2023-06-26,Zone_B,41,9800,23.9,75.3,404.3,214.0,4.6,0.0,1.3,2.6,4,0.041,Healthy
2023-06-26,Zone_C,3,9992,23.9,75.3,54.4,28.7,7.0,6.1,4.2,1.2,6,0.06,Healthy
2023-06-26,Zone_D,69,9695,23.9,75.3,573.8,339.9,10.8,4.5,1.6,0.9,2,0.021,Healthy
2023-06-27,Zone_A,53,9485,24.7,79.9,463.2,237.2,0.0,4.0,0.0,1.3,4,0.042,Healthy
2023-06-27,Zone_B,42,9796,24.7,79.9,373.8,212.8,0.0,9.3,5.8,1.7,4,0.041,Healthy
2023-06-27,Zone_C,4,9986,24.7,79.9,60.4,31.6,4.8,0.0,2.8,1.3,5,0.05,Healthy
2023-06-27,Zone_D,70,9693,24.7,79.9,557.3,361.5,0.0,2.9,1.8,1.2,6,0.062,Healthy
2023-06-28,Zone_A,54,9481,23.3,73.4,443.5,222.9,0.0,11.7,3.9,0.0,0,0.0,Healthy
2023-06-28,Zone_B,43,9792,23.3,73.4,393.7,209.1,3.8,5.7,9.6,1.1,6,0.061,Healthy
2023-06-28,Zone_C,5,9981,23.3,73.4,62.6,32.6,0.0,3.9,4.8,1.6,5,0.05,Healthy
2023-06-28,Zone_D,1,10000,23.3,73.4,34.6,18.1,0.0,10.5,3.8,1.1,8,0.08,Healthy
2023-06-29,Zone_A,55,9481,23.1,61.0,469.9,239.5,4.3,8.0,15.3,0.0,5,0.053,Healthy
2023-06-29,Zone_B,44,9786,23.1,61.0,365.4,203.5,0.0,1.4,11.7,2.2,4,0.041,Healthy
2023-06-29,Zone_C,6,9976,23.1,61.0,66.5,46.5,0.0,0.0,2.2,1.6,5,0.05,Healthy
2023-06-29,Zone_D,2,9992,23.1,61.0,38.3,24.3,8.0,6.0,7.9,0.0,5,0.05,Healthy
